ID,Name,Type1,Type2,AgainstNormal,Against-Fire,Against-Water,Against-Electric,Against-Grass,Against-Ice,Against-Fighting,Against-Poison,Against-Ground,Against-Flying,Against-Psychic,Against-Bug,Against-Rock,Against-Ghost,Against-Dragon,Against-Dark,Against-Steel,Against-Fairy
1,bulbasaur,Grass,Poison,1,2,0.5,0.5,0.25,2,0.5,1,1,2,2,1,1,1,1,1,1,0.5
2,ivysaur,Grass,Poison,1,2,0.5,0.5,0.25,2,0.5,1,1,2,2,1,1,1,1,1,1,0.5
3,venusaur,Grass,Poison,1,2,0.5,0.5,0.25,2,0.5,1,1,2,2,1,1,1,1,1,1,0.5
4,charmander,Fire,,1,0.5,2,1,0.5,0.5,1,1,2,1,1,0.5,2,1,1,1,0.5,0.5
5,charmeleon,Fire,,1,0.5,2,1,0.5,0.5,1,1,2,1,1,0.5,2,1,1,1,0.5,0.5
6,charizard,Fire,Flying,1,0.5,2,2,0.25,1,0.5,1,0,1,1,0.25,4,1,1,1,0.5,0.5
7,squirtle,Water,,1,0.5,0.5,2,2,0.5,1,1,1,1,1,1,1,1,1,1,0.5,1
8,wartortle,Water,,1,0.5,0.5,2,2,0.5,1,1,1,1,1,1,1,1,1,1,0.5,1
9,blastoise,Water,,1,0.5,0.5,2,2,0.5,1,1,1,1,1,1,1,1,1,1,0.5,1
10,caterpie,Bug,,1,2,1,1,0.5,1,0.5,1,0.5,2,1,1,2,1,1,1,1,1
11,metapod,Bug,,1,2,1,1,0.5,1,0.5,1,0.5,2,1,1,2,1,1,1,1,1
12,butterfree,Bug,Flying,1,2,1,2,0.25,2,0.25,1,0,2,1,0.5,4,1,1,1,1,1
13,weedle,Bug,Poison,1,2,1,1,0.25,1,0.25,0.5,1,2,2,0.5,2,1,1,1,1,0.5
14,kakuna,Bug,Poison,1,2,1,1,0.25,1,0.25,0.5,1,2,2,0.5,2,1,1,1,1,0.5
15,beedrill,Bug,Poison,1,2,1,1,0.25,1,0.25,0.5,1,2,2,0.5,2,1,1,1,1,0.5
16,pidgey,Normal,Flying,1,1,1,2,0.5,2,1,1,0,1,1,0.5,2,0,1,1,1,1
17,pidgeotto,Normal,Flying,1,1,1,2,0.5,2,1,1,0,1,1,0.5,2,0,1,1,1,1
18,pidgeot,Normal,Flying,1,1,1,2,0.5,2,1,1,0,1,1,0.5,2,0,1,1,1,1
19,rattata,Normal,,1,1,1,1,1,1,2,1,1,1,1,1,1,0,1,1,1,1
20,raticate,Normal,,1,1,1,1,1,1,2,1,1,1,1,1,1,0,1,1,1,1
21,spearow,Normal,Flying,1,1,1,2,0.5,2,1,1,0,1,1,0.5,2,0,1,1,1,1
22,fearow,Normal,Flying,1,1,1,2,0.5,2,1,1,0,1,1,0.5,2,0,1,1,1,1
23,ekans,Poison,,1,1,1,1,0.5,1,0.5,0.5,2,1,2,0.5,1,1,1,1,1,0.5
24,arbok,Poison,,1,1,1,1,0.5,1,0.5,0.5,2,1,2,0.5,1,1,1,1,1,0.5
25,pikachu,Electric,,1,1,1,0.5,1,1,1,1,2,0.5,1,1,1,1,1,1,0.5,1
26,raichu,Electric,,1,1,1,0.5,1,1,1,1,2,0.5,1,1,1,1,1,1,0.5,1
27,sandshrew,Ground,,1,1,2,0,2,2,1,0.5,1,1,1,1,0.5,1,1,1,1,1
28,sandslash,Ground,,1,1,2,0,2,2,1,0.5,1,1,1,1,0.5,1,1,1,1,1
29,nidoran-f,Poison,,1,1,1,1,0.5,1,0.5,0.5,2,1,2,0.5,1,1,1,1,1,0.5
30,nidorina,Poison,,1,1,1,1,0.5,1,0.5,0.5,2,1,2,0.5,1,1,1,1,1,0.5
31,nidoqueen,Poison,Ground,1,1,2,0,1,2,0.5,0.25,2,1,2,0.5,0.5,1,1,1,1,0.5
32,nidoran-m,Poison,,1,1,1,1,0.5,1,0.5,0.5,2,1,2,0.5,1,1,1,1,1,0.5
33,nidorino,Poison,,1,1,1,1,0.5,1,0.5,0.5,2,1,2,0.5,1,1,1,1,1,0.5
34,nidoking,Poison,Ground,1,1,2,0,1,2,0.5,0.25,2,1,2,0.5,0.5,1,1,1,1,0.5
35,clefairy,Fairy,,1,1,1,1,1,1,0.5,2,1,1,1,0.5,1,1,0,0.5,2,1
36,clefable,Fairy,,1,1,1,1,1,1,0.5,2,1,1,1,0.5,1,1,0,0.5,2,1
37,vulpix,Fire,,1,0.5,2,1,0.5,0.5,1,1,2,1,1,0.5,2,1,1,1,0.5,0.5
38,ninetales,Fire,,1,0.5,2,1,0.5,0.5,1,1,2,1,1,0.5,2,1,1,1,0.5,0.5
39,jigglypuff,Normal,Fairy,1,1,1,1,1,1,1,2,1,1,1,0.5,1,0,0,0.5,2,1
40,wigglytuff,Normal,Fairy,1,1,1,1,1,1,1,2,1,1,1,0.5,1,0,0,0.5,2,1
41,zubat,Poison,Flying,1,1,1,2,0.25,2,0.25,0.5,0,1,2,0.25,2,1,1,1,1,0.5
42,golbat,Poison,Flying,1,1,1,2,0.25,2,0.25,0.5,0,1,2,0.25,2,1,1,1,1,0.5
43,oddish,Grass,Poison,1,2,0.5,0.5,0.25,2,0.5,1,1,2,2,1,1,1,1,1,1,0.5
44,gloom,Grass,Poison,1,2,0.5,0.5,0.25,2,0.5,1,1,2,2,1,1,1,1,1,1,0.5
45,vileplume,Grass,Poison,1,2,0.5,0.5,0.25,2,0.5,1,1,2,2,1,1,1,1,1,1,0.5
46,paras,Bug,Grass,1,4,0.5,0.5,0.25,2,0.5,2,0.25,4,1,2,2,1,1,1,1,1
47,parasect,Bug,Grass,1,4,0.5,0.5,0.25,2,0.5,2,0.25,4,1,2,2,1,1,1,1,1
48,venonat,Bug,Poison,1,2,1,1,0.25,1,0.25,0.5,1,2,2,0.5,2,1,1,1,1,0.5
49,venomoth,Bug,Poison,1,2,1,1,0.25,1,0.25,0.5,1,2,2,0.5,2,1,1,1,1,0.5
50,diglett,Ground,,1,1,2,0,2,2,1,0.5,1,1,1,1,0.5,1,1,1,1,1
51,dugtrio,Ground,,1,1,2,0,2,2,1,0.5,1,1,1,1,0.5,1,1,1,1,1
52,meowth,Normal,,1,1,1,1,1,1,2,1,1,1,1,1,1,0,1,1,1,1
53,persian,Normal,,1,1,1,1,1,1,2,1,1,1,1,1,1,0,1,1,1,1
54,psyduck,Water,,1,0.5,0.5,2,2,0.5,1,1,1,1,1,1,1,1,1,1,0.5,1
55,golduck,Water,,1,0.5,0.5,2,2,0.5,1,1,1,1,1,1,1,1,1,1,0.5,1
56,mankey,Fighting,,1,1,1,1,1,1,1,1,1,2,2,0.5,0.5,1,1,0.5,1,2
57,primeape,Fighting,,1,1,1,1,1,1,1,1,1,2,2,0.5,0.5,1,1,0.5,1,2
58,growlithe,Fire,,1,0.5,2,1,0.5,0.5,1,1,2,1,1,0.5,2,1,1,1,0.5,0.5
59,arcanine,Fire,,1,0.5,2,1,0.5,0.5,1,1,2,1,1,0.5,2,1,1,1,0.5,0.5
60,poliwag,Water,,1,0.5,0.5,2,2,0.5,1,1,1,1,1,1,1,1,1,1,0.5,1
61,poliwhirl,Water,,1,0.5,0.5,2,2,0.5,1,1,1,1,1,1,1,1,1,1,0.5,1
62,poliwrath,Water,Fighting,1,0.5,0.5,2,2,0.5,1,1,1,2,2,0.5,0.5,1,1,0.5,0.5,2
63,abra,Psychic,,1,1,1,1,1,1,0.5,1,1,1,0.5,2,1,2,1,2,1,1
64,kadabra,Psychic,,1,1,1,1,1,1,0.5,1,1,1,0.5,2,1,2,1,2,1,1
65,alakazam,Psychic,,1,1,1,1,1,1,0.5,1,1,1,0.5,2,1,2,1,2,1,1
66,machop,Fighting,,1,1,1,1,1,1,1,1,1,2,2,0.5,0.5,1,1,0.5,1,2
67,machoke,Fighting,,1,1,1,1,1,1,1,1,1,2,2,0.5,0.5,1,1,0.5,1,2
68,machamp,Fighting,,1,1,1,1,1,1,1,1,1,2,2,0.5,0.5,1,1,0.5,1,2
69,bellsprout,Grass,Poison,1,2,0.5,0.5,0.25,2,0.5,1,1,2,2,1,1,1,1,1,1,0.5
70,weepinbell,Grass,Poison,1,2,0.5,0.5,0.25,2,0.5,1,1,2,2,1,1,1,1,1,1,0.5
71,victreebel,Grass,Poison,1,2,0.5,0.5,0.25,2,0.5,1,1,2,2,1,1,1,1,1,1,0.5
72,tentacool,Water,Poison,1,0.5,0.5,2,1,0.5,0.5,0.5,2,1,2,0.5,1,1,1,1,0.5,0.5
73,tentacruel,Water,Poison,1,0.5,0.5,2,1,0.5,0.5,0.5,2,1,2,0.5,1,1,1,1,0.5,0.5
74,geodude,Rock,Ground,0.5,0.5,4,0,4,2,2,0.25,2,0.5,1,1,0.5,1,1,1,2,1
75,graveler,Rock,Ground,0.5,0.5,4,0,4,2,2,0.25,2,0.5,1,1,0.5,1,1,1,2,1
76,golem,Rock,Ground,0.5,0.5,4,0,4,2,2,0.25,2,0.5,1,1,0.5,1,1,1,2,1
77,ponyta,Fire,,1,0.5,2,1,0.5,0.5,1,1,2,1,1,0.5,2,1,1,1,0.5,0.5
78,rapidash,Fire,,1,0.5,2,1,0.5,0.5,1,1,2,1,1,0.5,2,1,1,1,0.5,0.5
79,slowpoke,Water,Psychic,1,0.5,0.5,2,2,0.5,0.5,1,1,1,0.5,2,1,2,1,2,0.5,1
80,slowbro,Water,Psychic,1,0.5,0.5,2,2,0.5,0.5,1,1,1,0.5,2,1,2,1,2,0.5,1
81,magnemite,Electric,Steel,0.5,2,1,0.5,0.5,0.5,2,0,4,0.25,0.5,0.5,0.5,1,0.5,1,0.25,0.5
82,magneton,Electric,Steel,0.5,2,1,0.5,0.5,0.5,2,0,4,0.25,0.5,0.5,0.5,1,0.5,1,0.25,0.5
83,farfetchd,Normal,Flying,1,1,1,2,0.5,2,1,1,0,1,1,0.5,2,0,1,1,1,1
84,doduo,Normal,Flying,1,1,1,2,0.5,2,1,1,0,1,1,0.5,2,0,1,1,1,1
85,dodrio,Normal,Flying,1,1,1,2,0.5,2,1,1,0,1,1,0.5,2,0,1,1,1,1
86,seel,Water,,1,0.5,0.5,2,2,0.5,1,1,1,1,1,1,1,1,1,1,0.5,1
87,dewgong,Water,Ice,1,1,0.5,2,2,0.25,2,1,1,1,1,1,2,1,1,1,1,1
88,grimer,Poison,,1,1,1,1,0.5,1,0.5,0.5,2,1,2,0.5,1,1,1,1,1,0.5
89,muk,Poison,,1,1,1,1,0.5,1,0.5,0.5,2,1,2,0.5,1,1,1,1,1,0.5
90,shellder,Water,,1,0.5,0.5,2,2,0.5,1,1,1,1,1,1,1,1,1,1,0.5,1
91,cloyster,Water,Ice,1,1,0.5,2,2,0.25,2,1,1,1,1,1,2,1,1,1,1,1
92,gastly,Ghost,Poison,0,1,1,1,0.5,1,0,0.25,2,1,2,0.25,1,2,1,2,1,0.5
93,haunter,Ghost,Poison,0,1,1,1,0.5,1,0,0.25,2,1,2,0.25,1,2,1,2,1,0.5
94,gengar,Ghost,Poison,0,1,1,1,0.5,1,0,0.25,2,1,2,0.25,1,2,1,2,1,0.5
95,onix,Rock,Ground,0.5,0.5,4,0,4,2,2,0.25,2,0.5,1,1,0.5,1,1,1,2,1
96,drowzee,Psychic,,1,1,1,1,1,1,0.5,1,1,1,0.5,2,1,2,1,2,1,1
97,hypno,Psychic,,1,1,1,1,1,1,0.5,1,1,1,0.5,2,1,2,1,2,1,1
98,krabby,Water,,1,0.5,0.5,2,2,0.5,1,1,1,1,1,1,1,1,1,1,0.5,1
99,kingler,Water,,1,0.5,0.5,2,2,0.5,1,1,1,1,1,1,1,1,1,1,0.5,1
100,voltorb,Electric,,1,1,1,0.5,1,1,1,1,2,0.5,1,1,1,1,1,1,0.5,1
101,electrode,Electric,,1,1,1,0.5,1,1,1,1,2,0.5,1,1,1,1,1,1,0.5,1
102,exeggcute,Grass,Psychic,1,2,0.5,0.5,0.5,2,0.5,2,0.5,2,0.5,4,1,2,1,2,1,1
103,exeggutor,Grass,Psychic,1,2,0.5,0.5,0.5,2,0.5,2,0.5,2,0.5,4,1,2,1,2,1,1
104,cubone,Ground,,1,1,2,0,2,2,1,0.5,1,1,1,1,0.5,1,1,1,1,1
105,marowak,Ground,,1,1,2,0,2,2,1,0.5,1,1,1,1,0.5,1,1,1,1,1
106,hitmonlee,Fighting,,1,1,1,1,1,1,1,1,1,2,2,0.5,0.5,1,1,0.5,1,2
107,hitmonchan,Fighting,,1,1,1,1,1,1,1,1,1,2,2,0.5,0.5,1,1,0.5,1,2
108,lickitung,Normal,,1,1,1,1,1,1,2,1,1,1,1,1,1,0,1,1,1,1
109,koffing,Poison,,1,1,1,1,0.5,1,0.5,0.5,2,1,2,0.5,1,1,1,1,1,0.5
110,weezing,Poison,,1,1,1,1,0.5,1,0.5,0.5,2,1,2,0.5,1,1,1,1,1,0.5
111,rhyhorn,Ground,Rock,0.5,0.5,4,0,4,2,2,0.25,2,0.5,1,1,0.5,1,1,1,2,1
112,rhydon,Ground,Rock,0.5,0.5,4,0,4,2,2,0.25,2,0.5,1,1,0.5,1,1,1,2,1
113,chansey,Normal,,1,1,1,1,1,1,2,1,1,1,1,1,1,0,1,1,1,1
114,tangela,Grass,,1,2,0.5,0.5,0.5,2,1,2,0.5,2,1,2,1,1,1,1,1,1
115,kangaskhan,Normal,,1,1,1,1,1,1,2,1,1,1,1,1,1,0,1,1,1,1
116,horsea,Water,,1,0.5,0.5,2,2,0.5,1,1,1,1,1,1,1,1,1,1,0.5,1
117,seadra,Water,,1,0.5,0.5,2,2,0.5,1,1,1,1,1,1,1,1,1,1,0.5,1
118,goldeen,Water,,1,0.5,0.5,2,2,0.5,1,1,1,1,1,1,1,1,1,1,0.5,1
119,seaking,Water,,1,0.5,0.5,2,2,0.5,1,1,1,1,1,1,1,1,1,1,0.5,1
120,staryu,Water,,1,0.5,0.5,2,2,0.5,1,1,1,1,1,1,1,1,1,1,0.5,1
121,starmie,Water,Psychic,1,0.5,0.5,2,2,0.5,0.5,1,1,1,0.5,2,1,2,1,2,0.5,1
122,mr-mime,Psychic,Fairy,1,1,1,1,1,1,0.25,2,1,1,0.5,1,1,2,0,1,2,1
123,scyther,Bug,Flying,1,2,1,2,0.25,2,0.25,1,0,2,1,0.5,4,1,1,1,1,1
124,jynx,Ice,Psychic,1,2,1,1,1,0.5,1,1,1,1,0.5,2,2,2,1,2,2,1
125,electabuzz,Electric,,1,1,1,0.5,1,1,1,1,2,0.5,1,1,1,1,1,1,0.5,1
126,magmar,Fire,,1,0.5,2,1,0.5,0.5,1,1,2,1,1,0.5,2,1,1,1,0.5,0.5
127,pinsir,Bug,,1,2,1,1,0.5,1,0.5,1,0.5,2,1,1,2,1,1,1,1,1
128,tauros,Normal,,1,1,1,1,1,1,2,1,1,1,1,1,1,0,1,1,1,1
129,magikarp,Water,,1,0.5,0.5,2,2,0.5,1,1,1,1,1,1,1,1,1,1,0.5,1
130,gyarados,Water,Flying,1,0.5,0.5,4,1,1,0.5,1,0,1,1,0.5,2,1,1,1,0.5,1
131,lapras,Water,Ice,1,1,0.5,2,2,0.25,2,1,1,1,1,1,2,1,1,1,1,1
132,ditto,Normal,,1,1,1,1,1,1,2,1,1,1,1,1,1,0,1,1,1,1
133,eevee,Normal,,1,1,1,1,1,1,2,1,1,1,1,1,1,0,1,1,1,1
134,vaporeon,Water,,1,0.5,0.5,2,2,0.5,1,1,1,1,1,1,1,1,1,1,0.5,1
135,jolteon,Electric,,1,1,1,0.5,1,1,1,1,2,0.5,1,1,1,1,1,1,0.5,1
136,flareon,Fire,,1,0.5,2,1,0.5,0.5,1,1,2,1,1,0.5,2,1,1,1,0.5,0.5
137,porygon,Normal,,1,1,1,1,1,1,2,1,1,1,1,1,1,0,1,1,1,1
138,omanyte,Rock,Water,0.5,0.25,1,2,4,0.5,2,0.5,2,0.5,1,1,1,1,1,1,1,1
139,omastar,Rock,Water,0.5,0.25,1,2,4,0.5,2,0.5,2,0.5,1,1,1,1,1,1,1,1
140,kabuto,Rock,Water,0.5,0.25,1,2,4,0.5,2,0.5,2,0.5,1,1,1,1,1,1,1,1
141,kabutops,Rock,Water,0.5,0.25,1,2,4,0.5,2,0.5,2,0.5,1,1,1,1,1,1,1,1
142,aerodactyl,Rock,Flying,0.5,0.5,2,2,1,2,1,0.5,0,0.5,1,0.5,2,1,1,1,2,1
143,snorlax,Normal,,1,1,1,1,1,1,2,1,1,1,1,1,1,0,1,1,1,1
144,articuno,Ice,Flying,1,2,1,2,0.5,1,1,1,0,1,1,0.5,4,1,1,1,2,1
145,zapdos,Electric,Flying,1,1,1,1,0.5,2,0.5,1,0,0.5,1,0.5,2,1,1,1,0.5,1
146,moltres,Fire,Flying,1,0.5,2,2,0.25,1,0.5,1,0,1,1,0.25,4,1,1,1,0.5,0.5
147,dratini,Dragon,,1,0.5,0.5,0.5,0.5,2,1,1,1,1,1,1,1,1,2,1,1,2
148,dragonair,Dragon,,1,0.5,0.5,0.5,0.5,2,1,1,1,1,1,1,1,1,2,1,1,2
149,dragonite,Dragon,Flying,1,0.5,0.5,1,0.25,4,0.5,1,0,1,1,0.5,2,1,2,1,1,2
150,mewtwo,Psychic,,1,1,1,1,1,1,0.5,1,1,1,0.5,2,1,2,1,2,1,1
151,mew,Psychic,,1,1,1,1,1,1,0.5,1,1,1,0.5,2,1,2,1,2,1,1
152,chikorita,Grass,,1,2,0.5,0.5,0.5,2,1,2,0.5,2,1,2,1,1,1,1,1,1
153,bayleef,Grass,,1,2,0.5,0.5,0.5,2,1,2,0.5,2,1,2,1,1,1,1,1,1
154,meganium,Grass,,1,2,0.5,0.5,0.5,2,1,2,0.5,2,1,2,1,1,1,1,1,1
155,cyndaquil,Fire,,1,0.5,2,1,0.5,0.5,1,1,2,1,1,0.5,2,1,1,1,0.5,0.5
156,quilava,Fire,,1,0.5,2,1,0.5,0.5,1,1,2,1,1,0.5,2,1,1,1,0.5,0.5
157,typhlosion,Fire,,1,0.5,2,1,0.5,0.5,1,1,2,1,1,0.5,2,1,1,1,0.5,0.5
158,totodile,Water,,1,0.5,0.5,2,2,0.5,1,1,1,1,1,1,1,1,1,1,0.5,1
159,croconaw,Water,,1,0.5,0.5,2,2,0.5,1,1,1,1,1,1,1,1,1,1,0.5,1
160,feraligatr,Water,,1,0.5,0.5,2,2,0.5,1,1,1,1,1,1,1,1,1,1,0.5,1
161,sentret,Normal,,1,1,1,1,1,1,2,1,1,1,1,1,1,0,1,1,1,1
162,furret,Normal,,1,1,1,1,1,1,2,1,1,1,1,1,1,0,1,1,1,1
163,hoothoot,Normal,Flying,1,1,1,2,0.5,2,1,1,0,1,1,0.5,2,0,1,1,1,1
164,noctowl,Normal,Flying,1,1,1,2,0.5,2,1,1,0,1,1,0.5,2,0,1,1,1,1
165,ledyba,Bug,Flying,1,2,1,2,0.25,2,0.25,1,0,2,1,0.5,4,1,1,1,1,1
166,ledian,Bug,Flying,1,2,1,2,0.25,2,0.25,1,0,2,1,0.5,4,1,1,1,1,1
167,spinarak,Bug,Poison,1,2,1,1,0.25,1,0.25,0.5,1,2,2,0.5,2,1,1,1,1,0.5
168,ariados,Bug,Poison,1,2,1,1,0.25,1,0.25,0.5,1,2,2,0.5,2,1,1,1,1,0.5
169,crobat,Poison,Flying,1,1,1,2,0.25,2,0.25,0.5,0,1,2,0.25,2,1,1,1,1,0.5
170,chinchou,Water,Electric,1,0.5,0.5,1,2,0.5,1,1,2,0.5,1,1,1,1,1,1,0.25,1
171,lanturn,Water,Electric,1,0.5,0.5,1,2,0.5,1,1,2,0.5,1,1,1,1,1,1,0.25,1
172,pichu,Electric,,1,1,1,0.5,1,1,1,1,2,0.5,1,1,1,1,1,1,0.5,1
173,cleffa,Fairy,,1,1,1,1,1,1,0.5,2,1,1,1,0.5,1,1,0,0.5,2,1
174,igglybuff,Normal,Fairy,1,1,1,1,1,1,1,2,1,1,1,0.5,1,0,0,0.5,2,1
175,togepi,Fairy,,1,1,1,1,1,1,0.5,2,1,1,1,0.5,1,1,0,0.5,2,1
176,togetic,Fairy,Flying,1,1,1,2,0.5,2,0.25,2,0,1,1,0.25,2,1,0,0.5,2,1
177,natu,Psychic,Flying,1,1,1,2,0.5,2,0.25,1,0,1,0.5,1,2,2,1,2,1,1
178,xatu,Psychic,Flying,1,1,1,2,0.5,2,0.25,1,0,1,0.5,1,2,2,1,2,1,1
179,mareep,Electric,,1,1,1,0.5,1,1,1,1,2,0.5,1,1,1,1,1,1,0.5,1
180,flaaffy,Electric,,1,1,1,0.5,1,1,1,1,2,0.5,1,1,1,1,1,1,0.5,1
181,ampharos,Electric,,1,1,1,0.5,1,1,1,1,2,0.5,1,1,1,1,1,1,0.5,1
182,bellossom,Grass,,1,2,0.5,0.5,0.5,2,1,2,0.5,2,1,2,1,1,1,1,1,1
183,marill,Water,Fairy,1,0.5,0.5,2,2,0.5,0.5,2,1,1,1,0.5,1,1,0,0.5,1,1
184,azumarill,Water,Fairy,1,0.5,0.5,2,2,0.5,0.5,2,1,1,1,0.5,1,1,0,0.5,1,1
185,sudowoodo,Rock,,0.5,0.5,2,1,2,1,2,0.5,2,0.5,1,1,1,1,1,1,2,1
186,politoed,Water,,1,0.5,0.5,2,2,0.5,1,1,1,1,1,1,1,1,1,1,0.5,1
187,hoppip,Grass,Flying,1,2,0.5,1,0.25,4,0.5,2,0,2,1,1,2,1,1,1,1,1
188,skiploom,Grass,Flying,1,2,0.5,1,0.25,4,0.5,2,0,2,1,1,2,1,1,1,1,1
189,jumpluff,Grass,Flying,1,2,0.5,1,0.25,4,0.5,2,0,2,1,1,2,1,1,1,1,1
190,aipom,Normal,,1,1,1,1,1,1,2,1,1,1,1,1,1,0,1,1,1,1
191,sunkern,Grass,,1,2,0.5,0.5,0.5,2,1,2,0.5,2,1,2,1,1,1,1,1,1
192,sunflora,Grass,,1,2,0.5,0.5,0.5,2,1,2,0.5,2,1,2,1,1,1,1,1,1
193,yanma,Bug,Flying,1,2,1,2,0.25,2,0.25,1,0,2,1,0.5,4,1,1,1,1,1
194,wooper,Water,Ground,1,0.5,1,0,4,1,1,0.5,1,1,1,1,0.5,1,1,1,0.5,1
195,quagsire,Water,Ground,1,0.5,1,0,4,1,1,0.5,1,1,1,1,0.5,1,1,1,0.5,1
196,espeon,Psychic,,1,1,1,1,1,1,0.5,1,1,1,0.5,2,1,2,1,2,1,1
197,umbreon,Dark,,1,1,1,1,1,1,2,1,1,1,0,2,1,0.5,1,0.5,1,2
198,murkrow,Dark,Flying,1,1,1,2,0.5,2,1,1,0,1,0,1,2,0.5,1,0.5,1,2
199,slowking,Water,Psychic,1,0.5,0.5,2,2,0.5,0.5,1,1,1,0.5,2,1,2,1,2,0.5,1
200,misdreavus,Ghost,,0,1,1,1,1,1,0,0.5,1,1,1,0.5,1,2,1,2,1,1
201,unown,Psychic,,1,1,1,1,1,1,0.5,1,1,1,0.5,2,1,2,1,2,1,1
202,wobbuffet,Psychic,,1,1,1,1,1,1,0.5,1,1,1,0.5,2,1,2,1,2,1,1
203,girafarig,Normal,Psychic,1,1,1,1,1,1,1,1,1,1,0.5,2,1,0,1,2,1,1
204,pineco,Bug,,1,2,1,1,0.5,1,0.5,1,0.5,2,1,1,2,1,1,1,1,1
205,forretress,Bug,Steel,0.5,4,1,1,0.25,0.5,1,0,1,1,0.5,0.5,1,1,0.5,1,0.5,0.5
206,dunsparce,Normal,,1,1,1,1,1,1,2,1,1,1,1,1,1,0,1,1,1,1
207,gligar,Ground,Flying,1,1,2,0,1,4,0.5,0.5,0,1,1,0.5,1,1,1,1,1,1
208,steelix,Steel,Ground,0.5,2,2,0,1,1,2,0,2,0.5,0.5,0.5,0.25,1,0.5,1,0.5,0.5
209,snubbull,Fairy,,1,1,1,1,1,1,0.5,2,1,1,1,0.5,1,1,0,0.5,2,1
210,granbull,Fairy,,1,1,1,1,1,1,0.5,2,1,1,1,0.5,1,1,0,0.5,2,1
211,qwilfish,Water,Poison,1,0.5,0.5,2,1,0.5,0.5,0.5,2,1,2,0.5,1,1,1,1,0.5,0.5
212,scizor,Bug,Steel,0.5,4,1,1,0.25,0.5,1,0,1,1,0.5,0.5,1,1,0.5,1,0.5,0.5
213,shuckle,Bug,Rock,0.5,1,2,1,1,1,1,0.5,1,1,1,1,2,1,1,1,2,1
214,heracross,Bug,Fighting,1,2,1,1,0.5,1,0.5,1,0.5,4,2,0.5,1,1,1,0.5,1,2
215,sneasel,Dark,Ice,1,2,1,1,1,0.5,4,1,1,1,0,2,2,0.5,1,0.5,2,2
216,teddiursa,Normal,,1,1,1,1,1,1,2,1,1,1,1,1,1,0,1,1,1,1
217,ursaring,Normal,,1,1,1,1,1,1,2,1,1,1,1,1,1,0,1,1,1,1
218,slugma,Fire,,1,0.5,2,1,0.5,0.5,1,1,2,1,1,0.5,2,1,1,1,0.5,0.5
219,magcargo,Fire,Rock,0.5,0.25,4,1,1,0.5,2,0.5,4,0.5,1,0.5,2,1,1,1,1,0.5
220,swinub,Ice,Ground,1,2,2,0,2,1,2,0.5,1,1,1,1,1,1,1,1,2,1
221,piloswine,Ice,Ground,1,2,2,0,2,1,2,0.5,1,1,1,1,1,1,1,1,2,1
222,corsola,Water,Rock,0.5,0.25,1,2,4,0.5,2,0.5,2,0.5,1,1,1,1,1,1,1,1
223,remoraid,Water,,1,0.5,0.5,2,2,0.5,1,1,1,1,1,1,1,1,1,1,0.5,1
224,octillery,Water,,1,0.5,0.5,2,2,0.5,1,1,1,1,1,1,1,1,1,1,0.5,1
225,delibird,Ice,Flying,1,2,1,2,0.5,1,1,1,0,1,1,0.5,4,1,1,1,2,1
226,mantine,Water,Flying,1,0.5,0.5,4,1,1,0.5,1,0,1,1,0.5,2,1,1,1,0.5,1
227,skarmory,Steel,Flying,0.5,2,1,2,0.25,1,1,0,0,0.5,0.5,0.25,1,1,0.5,1,0.5,0.5
228,houndour,Dark,Fire,1,0.5,2,1,0.5,0.5,2,1,2,1,0,1,2,0.5,1,0.5,0.5,1
229,houndoom,Dark,Fire,1,0.5,2,1,0.5,0.5,2,1,2,1,0,1,2,0.5,1,0.5,0.5,1
230,kingdra,Water,Dragon,1,0.25,0.25,1,1,1,1,1,1,1,1,1,1,1,2,1,0.5,2
231,phanpy,Ground,,1,1,2,0,2,2,1,0.5,1,1,1,1,0.5,1,1,1,1,1
232,donphan,Ground,,1,1,2,0,2,2,1,0.5,1,1,1,1,0.5,1,1,1,1,1
233,porygon2,Normal,,1,1,1,1,1,1,2,1,1,1,1,1,1,0,1,1,1,1
234,stantler,Normal,,1,1,1,1,1,1,2,1,1,1,1,1,1,0,1,1,1,1
235,smeargle,Normal,,1,1,1,1,1,1,2,1,1,1,1,1,1,0,1,1,1,1
236,tyrogue,Fighting,,1,1,1,1,1,1,1,1,1,2,2,0.5,0.5,1,1,0.5,1,2
237,hitmontop,Fighting,,1,1,1,1,1,1,1,1,1,2,2,0.5,0.5,1,1,0.5,1,2
238,smoochum,Ice,Psychic,1,2,1,1,1,0.5,1,1,1,1,0.5,2,2,2,1,2,2,1
239,elekid,Electric,,1,1,1,0.5,1,1,1,1,2,0.5,1,1,1,1,1,1,0.5,1
240,magby,Fire,,1,0.5,2,1,0.5,0.5,1,1,2,1,1,0.5,2,1,1,1,0.5,0.5
241,miltank,Normal,,1,1,1,1,1,1,2,1,1,1,1,1,1,0,1,1,1,1
242,blissey,Normal,,1,1,1,1,1,1,2,1,1,1,1,1,1,0,1,1,1,1
243,raikou,Electric,,1,1,1,0.5,1,1,1,1,2,0.5,1,1,1,1,1,1,0.5,1
244,entei,Fire,,1,0.5,2,1,0.5,0.5,1,1,2,1,1,0.5,2,1,1,1,0.5,0.5
245,suicune,Water,,1,0.5,0.5,2,2,0.5,1,1,1,1,1,1,1,1,1,1,0.5,1
246,larvitar,Rock,Ground,0.5,0.5,4,0,4,2,2,0.25,2,0.5,1,1,0.5,1,1,1,2,1
247,pupitar,Rock,Ground,0.5,0.5,4,0,4,2,2,0.25,2,0.5,1,1,0.5,1,1,1,2,1
248,tyranitar,Rock,Dark,0.5,0.5,2,1,2,1,4,0.5,2,0.5,0,2,1,0.5,1,0.5,2,2
249,lugia,Psychic,Flying,1,1,1,2,0.5,2,0.25,1,0,1,0.5,1,2,2,1,2,1,1
250,ho-oh,Fire,Flying,1,0.5,2,2,0.25,1,0.5,1,0,1,1,0.25,4,1,1,1,0.5,0.5
251,celebi,Psychic,Grass,1,2,0.5,0.5,0.5,2,0.5,2,0.5,2,0.5,4,1,2,1,2,1,1
252,treecko,Grass,,1,2,0.5,0.5,0.5,2,1,2,0.5,2,1,2,1,1,1,1,1,1
253,grovyle,Grass,,1,2,0.5,0.5,0.5,2,1,2,0.5,2,1,2,1,1,1,1,1,1
254,sceptile,Grass,,1,2,0.5,0.5,0.5,2,1,2,0.5,2,1,2,1,1,1,1,1,1
255,torchic,Fire,,1,0.5,2,1,0.5,0.5,1,1,2,1,1,0.5,2,1,1,1,0.5,0.5
256,combusken,Fire,Fighting,1,0.5,2,1,0.5,0.5,1,1,2,2,2,0.25,1,1,1,0.5,0.5,1
257,blaziken,Fire,Fighting,1,0.5,2,1,0.5,0.5,1,1,2,2,2,0.25,1,1,1,0.5,0.5,1
258,mudkip,Water,,1,0.5,0.5,2,2,0.5,1,1,1,1,1,1,1,1,1,1,0.5,1
259,marshtomp,Water,Ground,1,0.5,1,0,4,1,1,0.5,1,1,1,1,0.5,1,1,1,0.5,1
260,swampert,Water,Ground,1,0.5,1,0,4,1,1,0.5,1,1,1,1,0.5,1,1,1,0.5,1
261,poochyena,Dark,,1,1,1,1,1,1,2,1,1,1,0,2,1,0.5,1,0.5,1,2
262,mightyena,Dark,,1,1,1,1,1,1,2,1,1,1,0,2,1,0.5,1,0.5,1,2
263,zigzagoon,Normal,,1,1,1,1,1,1,2,1,1,1,1,1,1,0,1,1,1,1
264,linoone,Normal,,1,1,1,1,1,1,2,1,1,1,1,1,1,0,1,1,1,1
265,wurmple,Bug,,1,2,1,1,0.5,1,0.5,1,0.5,2,1,1,2,1,1,1,1,1
266,silcoon,Bug,,1,2,1,1,0.5,1,0.5,1,0.5,2,1,1,2,1,1,1,1,1
267,beautifly,Bug,Flying,1,2,1,2,0.25,2,0.25,1,0,2,1,0.5,4,1,1,1,1,1
268,cascoon,Bug,,1,2,1,1,0.5,1,0.5,1,0.5,2,1,1,2,1,1,1,1,1
269,dustox,Bug,Poison,1,2,1,1,0.25,1,0.25,0.5,1,2,2,0.5,2,1,1,1,1,0.5
270,lotad,Water,Grass,1,1,0.25,1,1,1,1,2,0.5,2,1,2,1,1,1,1,0.5,1
271,lombre,Water,Grass,1,1,0.25,1,1,1,1,2,0.5,2,1,2,1,1,1,1,0.5,1
272,ludicolo,Water,Grass,1,1,0.25,1,1,1,1,2,0.5,2,1,2,1,1,1,1,0.5,1
273,seedot,Grass,,1,2,0.5,0.5,0.5,2,1,2,0.5,2,1,2,1,1,1,1,1,1
274,nuzleaf,Grass,Dark,1,2,0.5,0.5,0.5,2,2,2,0.5,2,0,4,1,0.5,1,0.5,1,2
275,shiftry,Grass,Dark,1,2,0.5,0.5,0.5,2,2,2,0.5,2,0,4,1,0.5,1,0.5,1,2
276,taillow,Normal,Flying,1,1,1,2,0.5,2,1,1,0,1,1,0.5,2,0,1,1,1,1
277,swellow,Normal,Flying,1,1,1,2,0.5,2,1,1,0,1,1,0.5,2,0,1,1,1,1
278,wingull,Water,Flying,1,0.5,0.5,4,1,1,0.5,1,0,1,1,0.5,2,1,1,1,0.5,1
279,pelipper,Water,Flying,1,0.5,0.5,4,1,1,0.5,1,0,1,1,0.5,2,1,1,1,0.5,1
280,ralts,Psychic,Fairy,1,1,1,1,1,1,0.25,2,1,1,0.5,1,1,2,0,1,2,1
281,kirlia,Psychic,Fairy,1,1,1,1,1,1,0.25,2,1,1,0.5,1,1,2,0,1,2,1
282,gardevoir,Psychic,Fairy,1,1,1,1,1,1,0.25,2,1,1,0.5,1,1,2,0,1,2,1
283,surskit,Bug,Water,1,1,0.5,2,1,0.5,0.5,1,0.5,2,1,1,2,1,1,1,0.5,1
284,masquerain,Bug,Flying,1,2,1,2,0.25,2,0.25,1,0,2,1,0.5,4,1,1,1,1,1
285,shroomish,Grass,,1,2,0.5,0.5,0.5,2,1,2,0.5,2,1,2,1,1,1,1,1,1
286,breloom,Grass,Fighting,1,2,0.5,0.5,0.5,2,1,2,0.5,4,2,1,0.5,1,1,0.5,1,2
287,slakoth,Normal,,1,1,1,1,1,1,2,1,1,1,1,1,1,0,1,1,1,1
288,vigoroth,Normal,,1,1,1,1,1,1,2,1,1,1,1,1,1,0,1,1,1,1
289,slaking,Normal,,1,1,1,1,1,1,2,1,1,1,1,1,1,0,1,1,1,1
290,nincada,Bug,Ground,1,2,2,0,1,2,0.5,0.5,0.5,2,1,1,1,1,1,1,1,1
291,ninjask,Bug,Flying,1,2,1,2,0.25,2,0.25,1,0,2,1,0.5,4,1,1,1,1,1
292,shedinja,Bug,Ghost,0,2,1,1,0.5,1,0,0.5,0.5,2,1,0.5,2,2,1,2,1,1
293,whismur,Normal,,1,1,1,1,1,1,2,1,1,1,1,1,1,0,1,1,1,1
294,loudred,Normal,,1,1,1,1,1,1,2,1,1,1,1,1,1,0,1,1,1,1
295,exploud,Normal,,1,1,1,1,1,1,2,1,1,1,1,1,1,0,1,1,1,1
296,makuhita,Fighting,,1,1,1,1,1,1,1,1,1,2,2,0.5,0.5,1,1,0.5,1,2
297,hariyama,Fighting,,1,1,1,1,1,1,1,1,1,2,2,0.5,0.5,1,1,0.5,1,2
298,azurill,Normal,Fairy,1,1,1,1,1,1,1,2,1,1,1,0.5,1,0,0,0.5,2,1
299,nosepass,Rock,,0.5,0.5,2,1,2,1,2,0.5,2,0.5,1,1,1,1,1,1,2,1
300,skitty,Normal,,1,1,1,1,1,1,2,1,1,1,1,1,1,0,1,1,1,1
301,delcatty,Normal,,1,1,1,1,1,1,2,1,1,1,1,1,1,0,1,1,1,1
302,sableye,Dark,Ghost,0,1,1,1,1,1,0,0.5,1,1,0,1,1,1,1,1,1,2
303,mawile,Steel,Fairy,0.5,2,1,1,0.5,0.5,1,0,2,0.5,0.5,0.25,0.5,1,0,0.5,1,0.5
304,aron,Steel,Rock,0.25,1,2,1,1,0.5,4,0,4,0.25,0.5,0.5,0.5,1,0.5,1,1,0.5
305,lairon,Steel,Rock,0.25,1,2,1,1,0.5,4,0,4,0.25,0.5,0.5,0.5,1,0.5,1,1,0.5
306,aggron,Steel,Rock,0.25,1,2,1,1,0.5,4,0,4,0.25,0.5,0.5,0.5,1,0.5,1,1,0.5
307,meditite,Fighting,Psychic,1,1,1,1,1,1,0.5,1,1,2,1,1,0.5,2,1,1,1,2
308,medicham,Fighting,Psychic,1,1,1,1,1,1,0.5,1,1,2,1,1,0.5,2,1,1,1,2
309,electrike,Electric,,1,1,1,0.5,1,1,1,1,2,0.5,1,1,1,1,1,1,0.5,1
310,manectric,Electric,,1,1,1,0.5,1,1,1,1,2,0.5,1,1,1,1,1,1,0.5,1
311,plusle,Electric,,1,1,1,0.5,1,1,1,1,2,0.5,1,1,1,1,1,1,0.5,1
312,minun,Electric,,1,1,1,0.5,1,1,1,1,2,0.5,1,1,1,1,1,1,0.5,1
313,volbeat,Bug,,1,2,1,1,0.5,1,0.5,1,0.5,2,1,1,2,1,1,1,1,1
314,illumise,Bug,,1,2,1,1,0.5,1,0.5,1,0.5,2,1,1,2,1,1,1,1,1
315,roselia,Grass,Poison,1,2,0.5,0.5,0.25,2,0.5,1,1,2,2,1,1,1,1,1,1,0.5
316,gulpin,Poison,,1,1,1,1,0.5,1,0.5,0.5,2,1,2,0.5,1,1,1,1,1,0.5
317,swalot,Poison,,1,1,1,1,0.5,1,0.5,0.5,2,1,2,0.5,1,1,1,1,1,0.5
318,carvanha,Water,Dark,1,0.5,0.5,2,2,0.5,2,1,1,1,0,2,1,0.5,1,0.5,0.5,2
319,sharpedo,Water,Dark,1,0.5,0.5,2,2,0.5,2,1,1,1,0,2,1,0.5,1,0.5,0.5,2
320,wailmer,Water,,1,0.5,0.5,2,2,0.5,1,1,1,1,1,1,1,1,1,1,0.5,1
321,wailord,Water,,1,0.5,0.5,2,2,0.5,1,1,1,1,1,1,1,1,1,1,0.5,1
322,numel,Fire,Ground,1,0.5,4,0,1,1,1,0.5,2,1,1,0.5,1,1,1,1,0.5,0.5
323,camerupt,Fire,Ground,1,0.5,4,0,1,1,1,0.5,2,1,1,0.5,1,1,1,1,0.5,0.5
324,torkoal,Fire,,1,0.5,2,1,0.5,0.5,1,1,2,1,1,0.5,2,1,1,1,0.5,0.5
325,spoink,Psychic,,1,1,1,1,1,1,0.5,1,1,1,0.5,2,1,2,1,2,1,1
326,grumpig,Psychic,,1,1,1,1,1,1,0.5,1,1,1,0.5,2,1,2,1,2,1,1
327,spinda,Normal,,1,1,1,1,1,1,2,1,1,1,1,1,1,0,1,1,1,1
328,trapinch,Ground,,1,1,2,0,2,2,1,0.5,1,1,1,1,0.5,1,1,1,1,1
329,vibrava,Ground,Dragon,1,0.5,1,0,1,4,1,0.5,1,1,1,1,0.5,1,2,1,1,2
330,flygon,Ground,Dragon,1,0.5,1,0,1,4,1,0.5,1,1,1,1,0.5,1,2,1,1,2
331,cacnea,Grass,,1,2,0.5,0.5,0.5,2,1,2,0.5,2,1,2,1,1,1,1,1,1
332,cacturne,Grass,Dark,1,2,0.5,0.5,0.5,2,2,2,0.5,2,0,4,1,0.5,1,0.5,1,2
333,swablu,Normal,Flying,1,1,1,2,0.5,2,1,1,0,1,1,0.5,2,0,1,1,1,1
334,altaria,Dragon,Flying,1,0.5,0.5,1,0.25,4,0.5,1,0,1,1,0.5,2,1,2,1,1,2
335,zangoose,Normal,,1,1,1,1,1,1,2,1,1,1,1,1,1,0,1,1,1,1
336,seviper,Poison,,1,1,1,1,0.5,1,0.5,0.5,2,1,2,0.5,1,1,1,1,1,0.5
337,lunatone,Rock,Psychic,0.5,0.5,2,1,2,1,1,0.5,2,0.5,0.5,2,1,2,1,2,2,1
338,solrock,Rock,Psychic,0.5,0.5,2,1,2,1,1,0.5,2,0.5,0.5,2,1,2,1,2,2,1
339,barboach,Water,Ground,1,0.5,1,0,4,1,1,0.5,1,1,1,1,0.5,1,1,1,0.5,1
340,whiscash,Water,Ground,1,0.5,1,0,4,1,1,0.5,1,1,1,1,0.5,1,1,1,0.5,1
341,corphish,Water,,1,0.5,0.5,2,2,0.5,1,1,1,1,1,1,1,1,1,1,0.5,1
342,crawdaunt,Water,Dark,1,0.5,0.5,2,2,0.5,2,1,1,1,0,2,1,0.5,1,0.5,0.5,2
343,baltoy,Ground,Psychic,1,1,2,0,2,2,0.5,0.5,1,1,0.5,2,0.5,2,1,2,1,1
344,claydol,Ground,Psychic,1,1,2,0,2,2,0.5,0.5,1,1,0.5,2,0.5,2,1,2,1,1
345,lileep,Rock,Grass,0.5,1,1,0.5,1,2,2,1,1,1,1,2,1,1,1,1,2,1
346,cradily,Rock,Grass,0.5,1,1,0.5,1,2,2,1,1,1,1,2,1,1,1,1,2,1
347,anorith,Rock,Bug,0.5,1,2,1,1,1,1,0.5,1,1,1,1,2,1,1,1,2,1
348,armaldo,Rock,Bug,0.5,1,2,1,1,1,1,0.5,1,1,1,1,2,1,1,1,2,1
349,feebas,Water,,1,0.5,0.5,2,2,0.5,1,1,1,1,1,1,1,1,1,1,0.5,1
350,milotic,Water,,1,0.5,0.5,2,2,0.5,1,1,1,1,1,1,1,1,1,1,0.5,1
351,castform,Normal,,1,1,1,1,1,1,2,1,1,1,1,1,1,0,1,1,1,1
352,kecleon,Normal,,1,1,1,1,1,1,2,1,1,1,1,1,1,0,1,1,1,1
353,shuppet,Ghost,,0,1,1,1,1,1,0,0.5,1,1,1,0.5,1,2,1,2,1,1
354,banette,Ghost,,0,1,1,1,1,1,0,0.5,1,1,1,0.5,1,2,1,2,1,1
355,duskull,Ghost,,0,1,1,1,1,1,0,0.5,1,1,1,0.5,1,2,1,2,1,1
356,dusclops,Ghost,,0,1,1,1,1,1,0,0.5,1,1,1,0.5,1,2,1,2,1,1
357,tropius,Grass,Flying,1,2,0.5,1,0.25,4,0.5,2,0,2,1,1,2,1,1,1,1,1
358,chimecho,Psychic,,1,1,1,1,1,1,0.5,1,1,1,0.5,2,1,2,1,2,1,1
359,absol,Dark,,1,1,1,1,1,1,2,1,1,1,0,2,1,0.5,1,0.5,1,2
360,wynaut,Psychic,,1,1,1,1,1,1,0.5,1,1,1,0.5,2,1,2,1,2,1,1
361,snorunt,Ice,,1,2,1,1,1,0.5,2,1,1,1,1,1,2,1,1,1,2,1
362,glalie,Ice,,1,2,1,1,1,0.5,2,1,1,1,1,1,2,1,1,1,2,1
363,spheal,Ice,Water,1,1,0.5,2,2,0.25,2,1,1,1,1,1,2,1,1,1,1,1
364,sealeo,Ice,Water,1,1,0.5,2,2,0.25,2,1,1,1,1,1,2,1,1,1,1,1
365,walrein,Ice,Water,1,1,0.5,2,2,0.25,2,1,1,1,1,1,2,1,1,1,1,1
366,clamperl,Water,,1,0.5,0.5,2,2,0.5,1,1,1,1,1,1,1,1,1,1,0.5,1
367,huntail,Water,,1,0.5,0.5,2,2,0.5,1,1,1,1,1,1,1,1,1,1,0.5,1
368,gorebyss,Water,,1,0.5,0.5,2,2,0.5,1,1,1,1,1,1,1,1,1,1,0.5,1
369,relicanth,Water,Rock,0.5,0.25,1,2,4,0.5,2,0.5,2,0.5,1,1,1,1,1,1,1,1
370,luvdisc,Water,,1,0.5,0.5,2,2,0.5,1,1,1,1,1,1,1,1,1,1,0.5,1
371,bagon,Dragon,,1,0.5,0.5,0.5,0.5,2,1,1,1,1,1,1,1,1,2,1,1,2
372,shelgon,Dragon,,1,0.5,0.5,0.5,0.5,2,1,1,1,1,1,1,1,1,2,1,1,2
373,salamence,Dragon,Flying,1,0.5,0.5,1,0.25,4,0.5,1,0,1,1,0.5,2,1,2,1,1,2
374,beldum,Steel,Psychic,0.5,2,1,1,0.5,0.5,1,0,2,0.5,0.25,1,0.5,2,0.5,2,0.5,0.5
375,metang,Steel,Psychic,0.5,2,1,1,0.5,0.5,1,0,2,0.5,0.25,1,0.5,2,0.5,2,0.5,0.5
376,metagross,Steel,Psychic,0.5,2,1,1,0.5,0.5,1,0,2,0.5,0.25,1,0.5,2,0.5,2,0.5,0.5
377,regirock,Rock,,0.5,0.5,2,1,2,1,2,0.5,2,0.5,1,1,1,1,1,1,2,1
378,regice,Ice,,1,2,1,1,1,0.5,2,1,1,1,1,1,2,1,1,1,2,1
379,registeel,Steel,,0.5,2,1,1,0.5,0.5,2,0,2,0.5,0.5,0.5,0.5,1,0.5,1,0.5,0.5
380,latias,Dragon,Psychic,1,0.5,0.5,0.5,0.5,2,0.5,1,1,1,0.5,2,1,2,2,2,1,2
381,latios,Dragon,Psychic,1,0.5,0.5,0.5,0.5,2,0.5,1,1,1,0.5,2,1,2,2,2,1,2
382,kyogre,Water,,1,0.5,0.5,2,2,0.5,1,1,1,1,1,1,1,1,1,1,0.5,1
383,groudon,Ground,,1,1,2,0,2,2,1,0.5,1,1,1,1,0.5,1,1,1,1,1
384,rayquaza,Dragon,Flying,1,0.5,0.5,1,0.25,4,0.5,1,0,1,1,0.5,2,1,2,1,1,2
385,jirachi,Steel,Psychic,0.5,2,1,1,0.5,0.5,1,0,2,0.5,0.25,1,0.5,2,0.5,2,0.5,0.5
386,deoxys-normal,Psychic,,1,1,1,1,1,1,0.5,1,1,1,0.5,2,1,2,1,2,1,1
387,turtwig,Grass,,1,2,0.5,0.5,0.5,2,1,2,0.5,2,1,2,1,1,1,1,1,1
388,grotle,Grass,,1,2,0.5,0.5,0.5,2,1,2,0.5,2,1,2,1,1,1,1,1,1
389,torterra,Grass,Ground,1,2,1,0,1,4,1,1,0.5,2,1,2,0.5,1,1,1,1,1
390,chimchar,Fire,,1,0.5,2,1,0.5,0.5,1,1,2,1,1,0.5,2,1,1,1,0.5,0.5
391,monferno,Fire,Fighting,1,0.5,2,1,0.5,0.5,1,1,2,2,2,0.25,1,1,1,0.5,0.5,1
392,infernape,Fire,Fighting,1,0.5,2,1,0.5,0.5,1,1,2,2,2,0.25,1,1,1,0.5,0.5,1
393,piplup,Water,,1,0.5,0.5,2,2,0.5,1,1,1,1,1,1,1,1,1,1,0.5,1
394,prinplup,Water,,1,0.5,0.5,2,2,0.5,1,1,1,1,1,1,1,1,1,1,0.5,1
395,empoleon,Water,Steel,0.5,1,0.5,2,1,0.25,2,0,2,0.5,0.5,0.5,0.5,1,0.5,1,0.25,0.5
396,starly,Normal,Flying,1,1,1,2,0.5,2,1,1,0,1,1,0.5,2,0,1,1,1,1
397,staravia,Normal,Flying,1,1,1,2,0.5,2,1,1,0,1,1,0.5,2,0,1,1,1,1
398,staraptor,Normal,Flying,1,1,1,2,0.5,2,1,1,0,1,1,0.5,2,0,1,1,1,1
399,bidoof,Normal,,1,1,1,1,1,1,2,1,1,1,1,1,1,0,1,1,1,1
400,bibarel,Normal,Water,1,0.5,0.5,2,2,0.5,2,1,1,1,1,1,1,0,1,1,0.5,1
401,kricketot,Bug,,1,2,1,1,0.5,1,0.5,1,0.5,2,1,1,2,1,1,1,1,1
402,kricketune,Bug,,1,2,1,1,0.5,1,0.5,1,0.5,2,1,1,2,1,1,1,1,1
403,shinx,Electric,,1,1,1,0.5,1,1,1,1,2,0.5,1,1,1,1,1,1,0.5,1
404,luxio,Electric,,1,1,1,0.5,1,1,1,1,2,0.5,1,1,1,1,1,1,0.5,1
405,luxray,Electric,,1,1,1,0.5,1,1,1,1,2,0.5,1,1,1,1,1,1,0.5,1
406,budew,Grass,Poison,1,2,0.5,0.5,0.25,2,0.5,1,1,2,2,1,1,1,1,1,1,0.5
407,roserade,Grass,Poison,1,2,0.5,0.5,0.25,2,0.5,1,1,2,2,1,1,1,1,1,1,0.5
408,cranidos,Rock,,0.5,0.5,2,1,2,1,2,0.5,2,0.5,1,1,1,1,1,1,2,1
409,rampardos,Rock,,0.5,0.5,2,1,2,1,2,0.5,2,0.5,1,1,1,1,1,1,2,1
410,shieldon,Rock,Steel,0.25,1,2,1,1,0.5,4,0,4,0.25,0.5,0.5,0.5,1,0.5,1,1,0.5
411,bastiodon,Rock,Steel,0.25,1,2,1,1,0.5,4,0,4,0.25,0.5,0.5,0.5,1,0.5,1,1,0.5
412,burmy,Bug,,1,2,1,1,0.5,1,0.5,1,0.5,2,1,1,2,1,1,1,1,1
413,wormadam-plant,Bug,Grass,1,4,0.5,0.5,0.25,2,0.5,2,0.25,4,1,2,2,1,1,1,1,1
414,mothim,Bug,Flying,1,2,1,2,0.25,2,0.25,1,0,2,1,0.5,4,1,1,1,1,1
415,combee,Bug,Flying,1,2,1,2,0.25,2,0.25,1,0,2,1,0.5,4,1,1,1,1,1
416,vespiquen,Bug,Flying,1,2,1,2,0.25,2,0.25,1,0,2,1,0.5,4,1,1,1,1,1
417,pachirisu,Electric,,1,1,1,0.5,1,1,1,1,2,0.5,1,1,1,1,1,1,0.5,1
418,buizel,Water,,1,0.5,0.5,2,2,0.5,1,1,1,1,1,1,1,1,1,1,0.5,1
419,floatzel,Water,,1,0.5,0.5,2,2,0.5,1,1,1,1,1,1,1,1,1,1,0.5,1
420,cherubi,Grass,,1,2,0.5,0.5,0.5,2,1,2,0.5,2,1,2,1,1,1,1,1,1
421,cherrim,Grass,,1,2,0.5,0.5,0.5,2,1,2,0.5,2,1,2,1,1,1,1,1,1
422,shellos,Water,,1,0.5,0.5,2,2,0.5,1,1,1,1,1,1,1,1,1,1,0.5,1
423,gastrodon,Water,Ground,1,0.5,1,0,4,1,1,0.5,1,1,1,1,0.5,1,1,1,0.5,1
424,ambipom,Normal,,1,1,1,1,1,1,2,1,1,1,1,1,1,0,1,1,1,1
425,drifloon,Ghost,Flying,0,1,1,2,0.5,2,0,0.5,0,1,1,0.25,2,2,1,2,1,1
426,drifblim,Ghost,Flying,0,1,1,2,0.5,2,0,0.5,0,1,1,0.25,2,2,1,2,1,1
427,buneary,Normal,,1,1,1,1,1,1,2,1,1,1,1,1,1,0,1,1,1,1
428,lopunny,Normal,,1,1,1,1,1,1,2,1,1,1,1,1,1,0,1,1,1,1
429,mismagius,Ghost,,0,1,1,1,1,1,0,0.5,1,1,1,0.5,1,2,1,2,1,1
430,honchkrow,Dark,Flying,1,1,1,2,0.5,2,1,1,0,1,0,1,2,0.5,1,0.5,1,2
431,glameow,Normal,,1,1,1,1,1,1,2,1,1,1,1,1,1,0,1,1,1,1
432,purugly,Normal,,1,1,1,1,1,1,2,1,1,1,1,1,1,0,1,1,1,1
433,chingling,Psychic,,1,1,1,1,1,1,0.5,1,1,1,0.5,2,1,2,1,2,1,1
434,stunky,Poison,Dark,1,1,1,1,0.5,1,1,0.5,2,1,0,1,1,0.5,1,0.5,1,1
435,skuntank,Poison,Dark,1,1,1,1,0.5,1,1,0.5,2,1,0,1,1,0.5,1,0.5,1,1
436,bronzor,Steel,Psychic,0.5,2,1,1,0.5,0.5,1,0,2,0.5,0.25,1,0.5,2,0.5,2,0.5,0.5
437,bronzong,Steel,Psychic,0.5,2,1,1,0.5,0.5,1,0,2,0.5,0.25,1,0.5,2,0.5,2,0.5,0.5
438,bonsly,Rock,,0.5,0.5,2,1,2,1,2,0.5,2,0.5,1,1,1,1,1,1,2,1
439,mime-jr,Psychic,Fairy,1,1,1,1,1,1,0.25,2,1,1,0.5,1,1,2,0,1,2,1
440,happiny,Normal,,1,1,1,1,1,1,2,1,1,1,1,1,1,0,1,1,1,1
441,chatot,Normal,Flying,1,1,1,2,0.5,2,1,1,0,1,1,0.5,2,0,1,1,1,1
442,spiritomb,Ghost,Dark,0,1,1,1,1,1,0,0.5,1,1,0,1,1,1,1,1,1,2
443,gible,Dragon,Ground,1,0.5,1,0,1,4,1,0.5,1,1,1,1,0.5,1,2,1,1,2
444,gabite,Dragon,Ground,1,0.5,1,0,1,4,1,0.5,1,1,1,1,0.5,1,2,1,1,2
445,garchomp,Dragon,Ground,1,0.5,1,0,1,4,1,0.5,1,1,1,1,0.5,1,2,1,1,2
446,munchlax,Normal,,1,1,1,1,1,1,2,1,1,1,1,1,1,0,1,1,1,1
447,riolu,Fighting,,1,1,1,1,1,1,1,1,1,2,2,0.5,0.5,1,1,0.5,1,2
448,lucario,Fighting,Steel,0.5,2,1,1,0.5,0.5,2,0,2,1,1,0.25,0.25,1,0.5,0.5,0.5,1
449,hippopotas,Ground,,1,1,2,0,2,2,1,0.5,1,1,1,1,0.5,1,1,1,1,1
450,hippowdon,Ground,,1,1,2,0,2,2,1,0.5,1,1,1,1,0.5,1,1,1,1,1
451,skorupi,Poison,Bug,1,2,1,1,0.25,1,0.25,0.5,1,2,2,0.5,2,1,1,1,1,0.5
452,drapion,Poison,Dark,1,1,1,1,0.5,1,1,0.5,2,1,0,1,1,0.5,1,0.5,1,1
453,croagunk,Poison,Fighting,1,1,1,1,0.5,1,0.5,0.5,2,2,4,0.25,0.5,1,1,0.5,1,1
454,toxicroak,Poison,Fighting,1,1,1,1,0.5,1,0.5,0.5,2,2,4,0.25,0.5,1,1,0.5,1,1
455,carnivine,Grass,,1,2,0.5,0.5,0.5,2,1,2,0.5,2,1,2,1,1,1,1,1,1
456,finneon,Water,,1,0.5,0.5,2,2,0.5,1,1,1,1,1,1,1,1,1,1,0.5,1
457,lumineon,Water,,1,0.5,0.5,2,2,0.5,1,1,1,1,1,1,1,1,1,1,0.5,1
458,mantyke,Water,Flying,1,0.5,0.5,4,1,1,0.5,1,0,1,1,0.5,2,1,1,1,0.5,1
459,snover,Grass,Ice,1,4,0.5,0.5,0.5,1,2,2,0.5,2,1,2,2,1,1,1,2,1
460,abomasnow,Grass,Ice,1,4,0.5,0.5,0.5,1,2,2,0.5,2,1,2,2,1,1,1,2,1
461,weavile,Dark,Ice,1,2,1,1,1,0.5,4,1,1,1,0,2,2,0.5,1,0.5,2,2
462,magnezone,Electric,Steel,0.5,2,1,0.5,0.5,0.5,2,0,4,0.25,0.5,0.5,0.5,1,0.5,1,0.25,0.5
463,lickilicky,Normal,,1,1,1,1,1,1,2,1,1,1,1,1,1,0,1,1,1,1
464,rhyperior,Ground,Rock,0.5,0.5,4,0,4,2,2,0.25,2,0.5,1,1,0.5,1,1,1,2,1
465,tangrowth,Grass,,1,2,0.5,0.5,0.5,2,1,2,0.5,2,1,2,1,1,1,1,1,1
466,electivire,Electric,,1,1,1,0.5,1,1,1,1,2,0.5,1,1,1,1,1,1,0.5,1
467,magmortar,Fire,,1,0.5,2,1,0.5,0.5,1,1,2,1,1,0.5,2,1,1,1,0.5,0.5
468,togekiss,Fairy,Flying,1,1,1,2,0.5,2,0.25,2,0,1,1,0.25,2,1,0,0.5,2,1
469,yanmega,Bug,Flying,1,2,1,2,0.25,2,0.25,1,0,2,1,0.5,4,1,1,1,1,1
470,leafeon,Grass,,1,2,0.5,0.5,0.5,2,1,2,0.5,2,1,2,1,1,1,1,1,1
471,glaceon,Ice,,1,2,1,1,1,0.5,2,1,1,1,1,1,2,1,1,1,2,1
472,gliscor,Ground,Flying,1,1,2,0,1,4,0.5,0.5,0,1,1,0.5,1,1,1,1,1,1
473,mamoswine,Ice,Ground,1,2,2,0,2,1,2,0.5,1,1,1,1,1,1,1,1,2,1
474,porygon-z,Normal,,1,1,1,1,1,1,2,1,1,1,1,1,1,0,1,1,1,1
475,gallade,Psychic,Fighting,1,1,1,1,1,1,0.5,1,1,2,1,1,0.5,2,1,1,1,2
476,probopass,Rock,Steel,0.25,1,2,1,1,0.5,4,0,4,0.25,0.5,0.5,0.5,1,0.5,1,1,0.5
477,dusknoir,Ghost,,0,1,1,1,1,1,0,0.5,1,1,1,0.5,1,2,1,2,1,1
478,froslass,Ice,Ghost,0,2,1,1,1,0.5,0,0.5,1,1,1,0.5,2,2,1,2,2,1
479,rotom,Electric,Ghost,0,1,1,0.5,1,1,0,0.5,2,0.5,1,0.5,1,2,1,2,0.5,1
480,uxie,Psychic,,1,1,1,1,1,1,0.5,1,1,1,0.5,2,1,2,1,2,1,1
481,mesprit,Psychic,,1,1,1,1,1,1,0.5,1,1,1,0.5,2,1,2,1,2,1,1
482,azelf,Psychic,,1,1,1,1,1,1,0.5,1,1,1,0.5,2,1,2,1,2,1,1
483,dialga,Steel,Dragon,0.5,1,0.5,0.5,0.25,1,2,0,2,0.5,0.5,0.5,0.5,1,1,1,0.5,1
484,palkia,Water,Dragon,1,0.25,0.25,1,1,1,1,1,1,1,1,1,1,1,2,1,0.5,2
485,heatran,Fire,Steel,0.5,1,2,1,0.25,0.25,2,0,4,0.5,0.5,0.25,1,1,0.5,1,0.25,0.25
486,regigigas,Normal,,1,1,1,1,1,1,2,1,1,1,1,1,1,0,1,1,1,1
487,giratina-altered,Ghost,Dragon,0,0.5,0.5,0.5,0.5,2,0,0.5,1,1,1,0.5,1,2,2,2,1,2
488,cresselia,Psychic,,1,1,1,1,1,1,0.5,1,1,1,0.5,2,1,2,1,2,1,1
489,phione,Water,,1,0.5,0.5,2,2,0.5,1,1,1,1,1,1,1,1,1,1,0.5,1
490,manaphy,Water,,1,0.5,0.5,2,2,0.5,1,1,1,1,1,1,1,1,1,1,0.5,1
491,darkrai,Dark,,1,1,1,1,1,1,2,1,1,1,0,2,1,0.5,1,0.5,1,2
492,shaymin-land,Grass,,1,2,0.5,0.5,0.5,2,1,2,0.5,2,1,2,1,1,1,1,1,1
493,arceus,Normal,,1,1,1,1,1,1,2,1,1,1,1,1,1,0,1,1,1,1
494,victini,Psychic,Fire,1,0.5,2,1,0.5,0.5,0.5,1,2,1,0.5,1,2,2,1,2,0.5,0.5
495,snivy,Grass,,1,2,0.5,0.5,0.5,2,1,2,0.5,2,1,2,1,1,1,1,1,1
496,servine,Grass,,1,2,0.5,0.5,0.5,2,1,2,0.5,2,1,2,1,1,1,1,1,1
497,serperior,Grass,,1,2,0.5,0.5,0.5,2,1,2,0.5,2,1,2,1,1,1,1,1,1
498,tepig,Fire,,1,0.5,2,1,0.5,0.5,1,1,2,1,1,0.5,2,1,1,1,0.5,0.5
499,pignite,Fire,Fighting,1,0.5,2,1,0.5,0.5,1,1,2,2,2,0.25,1,1,1,0.5,0.5,1
500,emboar,Fire,Fighting,1,0.5,2,1,0.5,0.5,1,1,2,2,2,0.25,1,1,1,0.5,0.5,1
501,oshawott,Water,,1,0.5,0.5,2,2,0.5,1,1,1,1,1,1,1,1,1,1,0.5,1
502,dewott,Water,,1,0.5,0.5,2,2,0.5,1,1,1,1,1,1,1,1,1,1,0.5,1
503,samurott,Water,,1,0.5,0.5,2,2,0.5,1,1,1,1,1,1,1,1,1,1,0.5,1
504,patrat,Normal,,1,1,1,1,1,1,2,1,1,1,1,1,1,0,1,1,1,1
505,watchog,Normal,,1,1,1,1,1,1,2,1,1,1,1,1,1,0,1,1,1,1
506,lillipup,Normal,,1,1,1,1,1,1,2,1,1,1,1,1,1,0,1,1,1,1
507,herdier,Normal,,1,1,1,1,1,1,2,1,1,1,1,1,1,0,1,1,1,1
508,stoutland,Normal,,1,1,1,1,1,1,2,1,1,1,1,1,1,0,1,1,1,1
509,purrloin,Dark,,1,1,1,1,1,1,2,1,1,1,0,2,1,0.5,1,0.5,1,2
510,liepard,Dark,,1,1,1,1,1,1,2,1,1,1,0,2,1,0.5,1,0.5,1,2
511,pansage,Grass,,1,2,0.5,0.5,0.5,2,1,2,0.5,2,1,2,1,1,1,1,1,1
512,simisage,Grass,,1,2,0.5,0.5,0.5,2,1,2,0.5,2,1,2,1,1,1,1,1,1
513,pansear,Fire,,1,0.5,2,1,0.5,0.5,1,1,2,1,1,0.5,2,1,1,1,0.5,0.5
514,simisear,Fire,,1,0.5,2,1,0.5,0.5,1,1,2,1,1,0.5,2,1,1,1,0.5,0.5
515,panpour,Water,,1,0.5,0.5,2,2,0.5,1,1,1,1,1,1,1,1,1,1,0.5,1
516,simipour,Water,,1,0.5,0.5,2,2,0.5,1,1,1,1,1,1,1,1,1,1,0.5,1
517,munna,Psychic,,1,1,1,1,1,1,0.5,1,1,1,0.5,2,1,2,1,2,1,1
518,musharna,Psychic,,1,1,1,1,1,1,0.5,1,1,1,0.5,2,1,2,1,2,1,1
519,pidove,Normal,Flying,1,1,1,2,0.5,2,1,1,0,1,1,0.5,2,0,1,1,1,1
520,tranquill,Normal,Flying,1,1,1,2,0.5,2,1,1,0,1,1,0.5,2,0,1,1,1,1
521,unfezant,Normal,Flying,1,1,1,2,0.5,2,1,1,0,1,1,0.5,2,0,1,1,1,1
522,blitzle,Electric,,1,1,1,0.5,1,1,1,1,2,0.5,1,1,1,1,1,1,0.5,1
523,zebstrika,Electric,,1,1,1,0.5,1,1,1,1,2,0.5,1,1,1,1,1,1,0.5,1
524,roggenrola,Rock,,0.5,0.5,2,1,2,1,2,0.5,2,0.5,1,1,1,1,1,1,2,1
525,boldore,Rock,,0.5,0.5,2,1,2,1,2,0.5,2,0.5,1,1,1,1,1,1,2,1
526,gigalith,Rock,,0.5,0.5,2,1,2,1,2,0.5,2,0.5,1,1,1,1,1,1,2,1
527,woobat,Psychic,Flying,1,1,1,2,0.5,2,0.25,1,0,1,0.5,1,2,2,1,2,1,1
528,swoobat,Psychic,Flying,1,1,1,2,0.5,2,0.25,1,0,1,0.5,1,2,2,1,2,1,1
529,drilbur,Ground,,1,1,2,0,2,2,1,0.5,1,1,1,1,0.5,1,1,1,1,1
530,excadrill,Ground,Steel,0.5,2,2,0,1,1,2,0,2,0.5,0.5,0.5,0.25,1,0.5,1,0.5,0.5
531,audino,Normal,,1,1,1,1,1,1,2,1,1,1,1,1,1,0,1,1,1,1
532,timburr,Fighting,,1,1,1,1,1,1,1,1,1,2,2,0.5,0.5,1,1,0.5,1,2
533,gurdurr,Fighting,,1,1,1,1,1,1,1,1,1,2,2,0.5,0.5,1,1,0.5,1,2
534,conkeldurr,Fighting,,1,1,1,1,1,1,1,1,1,2,2,0.5,0.5,1,1,0.5,1,2
535,tympole,Water,,1,0.5,0.5,2,2,0.5,1,1,1,1,1,1,1,1,1,1,0.5,1
536,palpitoad,Water,Ground,1,0.5,1,0,4,1,1,0.5,1,1,1,1,0.5,1,1,1,0.5,1
537,seismitoad,Water,Ground,1,0.5,1,0,4,1,1,0.5,1,1,1,1,0.5,1,1,1,0.5,1
538,throh,Fighting,,1,1,1,1,1,1,1,1,1,2,2,0.5,0.5,1,1,0.5,1,2
539,sawk,Fighting,,1,1,1,1,1,1,1,1,1,2,2,0.5,0.5,1,1,0.5,1,2
540,sewaddle,Bug,Grass,1,4,0.5,0.5,0.25,2,0.5,2,0.25,4,1,2,2,1,1,1,1,1
541,swadloon,Bug,Grass,1,4,0.5,0.5,0.25,2,0.5,2,0.25,4,1,2,2,1,1,1,1,1
542,leavanny,Bug,Grass,1,4,0.5,0.5,0.25,2,0.5,2,0.25,4,1,2,2,1,1,1,1,1
543,venipede,Bug,Poison,1,2,1,1,0.25,1,0.25,0.5,1,2,2,0.5,2,1,1,1,1,0.5
544,whirlipede,Bug,Poison,1,2,1,1,0.25,1,0.25,0.5,1,2,2,0.5,2,1,1,1,1,0.5
545,scolipede,Bug,Poison,1,2,1,1,0.25,1,0.25,0.5,1,2,2,0.5,2,1,1,1,1,0.5
546,cottonee,Grass,Fairy,1,2,0.5,0.5,0.5,2,0.5,4,0.5,2,1,1,1,1,0,0.5,2,1
547,whimsicott,Grass,Fairy,1,2,0.5,0.5,0.5,2,0.5,4,0.5,2,1,1,1,1,0,0.5,2,1
548,petilil,Grass,,1,2,0.5,0.5,0.5,2,1,2,0.5,2,1,2,1,1,1,1,1,1
549,lilligant,Grass,,1,2,0.5,0.5,0.5,2,1,2,0.5,2,1,2,1,1,1,1,1,1
550,basculin-red-striped,Water,,1,0.5,0.5,2,2,0.5,1,1,1,1,1,1,1,1,1,1,0.5,1
551,sandile,Ground,Dark,1,1,2,0,2,2,2,0.5,1,1,0,2,0.5,0.5,1,0.5,1,2
552,krokorok,Ground,Dark,1,1,2,0,2,2,2,0.5,1,1,0,2,0.5,0.5,1,0.5,1,2
553,krookodile,Ground,Dark,1,1,2,0,2,2,2,0.5,1,1,0,2,0.5,0.5,1,0.5,1,2
554,darumaka,Fire,,1,0.5,2,1,0.5,0.5,1,1,2,1,1,0.5,2,1,1,1,0.5,0.5
555,darmanitan-standard,Fire,,1,0.5,2,1,0.5,0.5,1,1,2,1,1,0.5,2,1,1,1,0.5,0.5
556,maractus,Grass,,1,2,0.5,0.5,0.5,2,1,2,0.5,2,1,2,1,1,1,1,1,1
557,dwebble,Bug,Rock,0.5,1,2,1,1,1,1,0.5,1,1,1,1,2,1,1,1,2,1
558,crustle,Bug,Rock,0.5,1,2,1,1,1,1,0.5,1,1,1,1,2,1,1,1,2,1
559,scraggy,Dark,Fighting,1,1,1,1,1,1,2,1,1,2,0,1,0.5,0.5,1,0.25,1,4
560,scrafty,Dark,Fighting,1,1,1,1,1,1,2,1,1,2,0,1,0.5,0.5,1,0.25,1,4
561,sigilyph,Psychic,Flying,1,1,1,2,0.5,2,0.25,1,0,1,0.5,1,2,2,1,2,1,1
562,yamask,Ghost,,0,1,1,1,1,1,0,0.5,1,1,1,0.5,1,2,1,2,1,1
563,cofagrigus,Ghost,,0,1,1,1,1,1,0,0.5,1,1,1,0.5,1,2,1,2,1,1
564,tirtouga,Water,Rock,0.5,0.25,1,2,4,0.5,2,0.5,2,0.5,1,1,1,1,1,1,1,1
565,carracosta,Water,Rock,0.5,0.25,1,2,4,0.5,2,0.5,2,0.5,1,1,1,1,1,1,1,1
566,archen,Rock,Flying,0.5,0.5,2,2,1,2,1,0.5,0,0.5,1,0.5,2,1,1,1,2,1
567,archeops,Rock,Flying,0.5,0.5,2,2,1,2,1,0.5,0,0.5,1,0.5,2,1,1,1,2,1
568,trubbish,Poison,,1,1,1,1,0.5,1,0.5,0.5,2,1,2,0.5,1,1,1,1,1,0.5
569,garbodor,Poison,,1,1,1,1,0.5,1,0.5,0.5,2,1,2,0.5,1,1,1,1,1,0.5
570,zorua,Dark,,1,1,1,1,1,1,2,1,1,1,0,2,1,0.5,1,0.5,1,2
571,zoroark,Dark,,1,1,1,1,1,1,2,1,1,1,0,2,1,0.5,1,0.5,1,2
572,minccino,Normal,,1,1,1,1,1,1,2,1,1,1,1,1,1,0,1,1,1,1
573,cinccino,Normal,,1,1,1,1,1,1,2,1,1,1,1,1,1,0,1,1,1,1
574,gothita,Psychic,,1,1,1,1,1,1,0.5,1,1,1,0.5,2,1,2,1,2,1,1
575,gothorita,Psychic,,1,1,1,1,1,1,0.5,1,1,1,0.5,2,1,2,1,2,1,1
576,gothitelle,Psychic,,1,1,1,1,1,1,0.5,1,1,1,0.5,2,1,2,1,2,1,1
577,solosis,Psychic,,1,1,1,1,1,1,0.5,1,1,1,0.5,2,1,2,1,2,1,1
578,duosion,Psychic,,1,1,1,1,1,1,0.5,1,1,1,0.5,2,1,2,1,2,1,1
579,reuniclus,Psychic,,1,1,1,1,1,1,0.5,1,1,1,0.5,2,1,2,1,2,1,1
580,ducklett,Water,Flying,1,0.5,0.5,4,1,1,0.5,1,0,1,1,0.5,2,1,1,1,0.5,1
581,swanna,Water,Flying,1,0.5,0.5,4,1,1,0.5,1,0,1,1,0.5,2,1,1,1,0.5,1
582,vanillite,Ice,,1,2,1,1,1,0.5,2,1,1,1,1,1,2,1,1,1,2,1
583,vanillish,Ice,,1,2,1,1,1,0.5,2,1,1,1,1,1,2,1,1,1,2,1
584,vanilluxe,Ice,,1,2,1,1,1,0.5,2,1,1,1,1,1,2,1,1,1,2,1
585,deerling,Normal,Grass,1,2,0.5,0.5,0.5,2,2,2,0.5,2,1,2,1,0,1,1,1,1
586,sawsbuck,Normal,Grass,1,2,0.5,0.5,0.5,2,2,2,0.5,2,1,2,1,0,1,1,1,1
587,emolga,Electric,Flying,1,1,1,1,0.5,2,0.5,1,0,0.5,1,0.5,2,1,1,1,0.5,1
588,karrablast,Bug,,1,2,1,1,0.5,1,0.5,1,0.5,2,1,1,2,1,1,1,1,1
589,escavalier,Bug,Steel,0.5,4,1,1,0.25,0.5,1,0,1,1,0.5,0.5,1,1,0.5,1,0.5,0.5
590,foongus,Grass,Poison,1,2,0.5,0.5,0.25,2,0.5,1,1,2,2,1,1,1,1,1,1,0.5
591,amoonguss,Grass,Poison,1,2,0.5,0.5,0.25,2,0.5,1,1,2,2,1,1,1,1,1,1,0.5
592,frillish,Water,Ghost,0,0.5,0.5,2,2,0.5,0,0.5,1,1,1,0.5,1,2,1,2,0.5,1
593,jellicent,Water,Ghost,0,0.5,0.5,2,2,0.5,0,0.5,1,1,1,0.5,1,2,1,2,0.5,1
594,alomomola,Water,,1,0.5,0.5,2,2,0.5,1,1,1,1,1,1,1,1,1,1,0.5,1
595,joltik,Bug,Electric,1,2,1,0.5,0.5,1,0.5,1,1,1,1,1,2,1,1,1,0.5,1
596,galvantula,Bug,Electric,1,2,1,0.5,0.5,1,0.5,1,1,1,1,1,2,1,1,1,0.5,1
597,ferroseed,Grass,Steel,0.5,4,0.5,0.5,0.25,1,2,0,1,1,0.5,1,0.5,1,0.5,1,0.5,0.5
598,ferrothorn,Grass,Steel,0.5,4,0.5,0.5,0.25,1,2,0,1,1,0.5,1,0.5,1,0.5,1,0.5,0.5
599,klink,Steel,,0.5,2,1,1,0.5,0.5,2,0,2,0.5,0.5,0.5,0.5,1,0.5,1,0.5,0.5
600,klang,Steel,,0.5,2,1,1,0.5,0.5,2,0,2,0.5,0.5,0.5,0.5,1,0.5,1,0.5,0.5
601,klinklang,Steel,,0.5,2,1,1,0.5,0.5,2,0,2,0.5,0.5,0.5,0.5,1,0.5,1,0.5,0.5
602,tynamo,Electric,,1,1,1,0.5,1,1,1,1,2,0.5,1,1,1,1,1,1,0.5,1
603,eelektrik,Electric,,1,1,1,0.5,1,1,1,1,2,0.5,1,1,1,1,1,1,0.5,1
604,eelektross,Electric,,1,1,1,0.5,1,1,1,1,2,0.5,1,1,1,1,1,1,0.5,1
605,elgyem,Psychic,,1,1,1,1,1,1,0.5,1,1,1,0.5,2,1,2,1,2,1,1
606,beheeyem,Psychic,,1,1,1,1,1,1,0.5,1,1,1,0.5,2,1,2,1,2,1,1
607,litwick,Ghost,Fire,0,0.5,2,1,0.5,0.5,0,0.5,2,1,1,0.25,2,2,1,2,0.5,0.5
608,lampent,Ghost,Fire,0,0.5,2,1,0.5,0.5,0,0.5,2,1,1,0.25,2,2,1,2,0.5,0.5
609,chandelure,Ghost,Fire,0,0.5,2,1,0.5,0.5,0,0.5,2,1,1,0.25,2,2,1,2,0.5,0.5
610,axew,Dragon,,1,0.5,0.5,0.5,0.5,2,1,1,1,1,1,1,1,1,2,1,1,2
611,fraxure,Dragon,,1,0.5,0.5,0.5,0.5,2,1,1,1,1,1,1,1,1,2,1,1,2
612,haxorus,Dragon,,1,0.5,0.5,0.5,0.5,2,1,1,1,1,1,1,1,1,2,1,1,2
613,cubchoo,Ice,,1,2,1,1,1,0.5,2,1,1,1,1,1,2,1,1,1,2,1
614,beartic,Ice,,1,2,1,1,1,0.5,2,1,1,1,1,1,2,1,1,1,2,1
615,cryogonal,Ice,,1,2,1,1,1,0.5,2,1,1,1,1,1,2,1,1,1,2,1
616,shelmet,Bug,,1,2,1,1,0.5,1,0.5,1,0.5,2,1,1,2,1,1,1,1,1
617,accelgor,Bug,,1,2,1,1,0.5,1,0.5,1,0.5,2,1,1,2,1,1,1,1,1
618,stunfisk,Ground,Electric,1,1,2,0,2,2,1,0.5,2,0.5,1,1,0.5,1,1,1,0.5,1
619,mienfoo,Fighting,,1,1,1,1,1,1,1,1,1,2,2,0.5,0.5,1,1,0.5,1,2
620,mienshao,Fighting,,1,1,1,1,1,1,1,1,1,2,2,0.5,0.5,1,1,0.5,1,2
621,druddigon,Dragon,,1,0.5,0.5,0.5,0.5,2,1,1,1,1,1,1,1,1,2,1,1,2
622,golett,Ground,Ghost,0,1,2,0,2,2,0,0.25,1,1,1,0.5,0.5,2,1,2,1,1
623,golurk,Ground,Ghost,0,1,2,0,2,2,0,0.25,1,1,1,0.5,0.5,2,1,2,1,1
624,pawniard,Dark,Steel,0.5,2,1,1,0.5,0.5,4,0,2,0.5,0,1,0.5,0.5,0.5,0.5,0.5,1
625,bisharp,Dark,Steel,0.5,2,1,1,0.5,0.5,4,0,2,0.5,0,1,0.5,0.5,0.5,0.5,0.5,1
626,bouffalant,Normal,,1,1,1,1,1,1,2,1,1,1,1,1,1,0,1,1,1,1
627,rufflet,Normal,Flying,1,1,1,2,0.5,2,1,1,0,1,1,0.5,2,0,1,1,1,1
628,braviary,Normal,Flying,1,1,1,2,0.5,2,1,1,0,1,1,0.5,2,0,1,1,1,1
629,vullaby,Dark,Flying,1,1,1,2,0.5,2,1,1,0,1,0,1,2,0.5,1,0.5,1,2
630,mandibuzz,Dark,Flying,1,1,1,2,0.5,2,1,1,0,1,0,1,2,0.5,1,0.5,1,2
631,heatmor,Fire,,1,0.5,2,1,0.5,0.5,1,1,2,1,1,0.5,2,1,1,1,0.5,0.5
632,durant,Bug,Steel,0.5,4,1,1,0.25,0.5,1,0,1,1,0.5,0.5,1,1,0.5,1,0.5,0.5
633,deino,Dark,Dragon,1,0.5,0.5,0.5,0.5,2,2,1,1,1,0,2,1,0.5,2,0.5,1,4
634,zweilous,Dark,Dragon,1,0.5,0.5,0.5,0.5,2,2,1,1,1,0,2,1,0.5,2,0.5,1,4
635,hydreigon,Dark,Dragon,1,0.5,0.5,0.5,0.5,2,2,1,1,1,0,2,1,0.5,2,0.5,1,4
636,larvesta,Bug,Fire,1,1,2,1,0.25,0.5,0.5,1,1,2,1,0.5,4,1,1,1,0.5,0.5
637,volcarona,Bug,Fire,1,1,2,1,0.25,0.5,0.5,1,1,2,1,0.5,4,1,1,1,0.5,0.5
638,cobalion,Steel,Fighting,0.5,2,1,1,0.5,0.5,2,0,2,1,1,0.25,0.25,1,0.5,0.5,0.5,1
639,terrakion,Rock,Fighting,0.5,0.5,2,1,2,1,2,0.5,2,1,2,0.5,0.5,1,1,0.5,2,2
640,virizion,Grass,Fighting,1,2,0.5,0.5,0.5,2,1,2,0.5,4,2,1,0.5,1,1,0.5,1,2
641,tornadus-incarnate,Flying,,1,1,1,2,0.5,2,0.5,1,0,1,1,0.5,2,1,1,1,1,1
642,thundurus-incarnate,Electric,Flying,1,1,1,1,0.5,2,0.5,1,0,0.5,1,0.5,2,1,1,1,0.5,1
643,reshiram,Dragon,Fire,1,0.25,1,0.5,0.25,1,1,1,2,1,1,0.5,2,1,2,1,0.5,1
644,zekrom,Dragon,Electric,1,0.5,0.5,0.25,0.5,2,1,1,2,0.5,1,1,1,1,2,1,0.5,2
645,landorus-incarnate,Ground,Flying,1,1,2,0,1,4,0.5,0.5,0,1,1,0.5,1,1,1,1,1,1
646,kyurem,Dragon,Ice,1,1,0.5,0.5,0.5,1,2,1,1,1,1,1,2,1,2,1,2,2
647,keldeo-ordinary,Water,Fighting,1,0.5,0.5,2,2,0.5,1,1,1,2,2,0.5,0.5,1,1,0.5,0.5,2
648,meloetta-aria,Normal,Psychic,1,1,1,1,1,1,1,1,1,1,0.5,2,1,0,1,2,1,1
649,genesect,Bug,Steel,0.5,4,1,1,0.25,0.5,1,0,1,1,0.5,0.5,1,1,0.5,1,0.5,0.5
650,chespin,Grass,,1,2,0.5,0.5,0.5,2,1,2,0.5,2,1,2,1,1,1,1,1,1
651,quilladin,Grass,,1,2,0.5,0.5,0.5,2,1,2,0.5,2,1,2,1,1,1,1,1,1
652,chesnaught,Grass,Fighting,1,2,0.5,0.5,0.5,2,1,2,0.5,4,2,1,0.5,1,1,0.5,1,2
653,fennekin,Fire,,1,0.5,2,1,0.5,0.5,1,1,2,1,1,0.5,2,1,1,1,0.5,0.5
654,braixen,Fire,,1,0.5,2,1,0.5,0.5,1,1,2,1,1,0.5,2,1,1,1,0.5,0.5
655,delphox,Fire,Psychic,1,0.5,2,1,0.5,0.5,0.5,1,2,1,0.5,1,2,2,1,2,0.5,0.5
656,froakie,Water,,1,0.5,0.5,2,2,0.5,1,1,1,1,1,1,1,1,1,1,0.5,1
657,frogadier,Water,,1,0.5,0.5,2,2,0.5,1,1,1,1,1,1,1,1,1,1,0.5,1
658,greninja,Water,Dark,1,0.5,0.5,2,2,0.5,2,1,1,1,0,2,1,0.5,1,0.5,0.5,2
659,bunnelby,Normal,,1,1,1,1,1,1,2,1,1,1,1,1,1,0,1,1,1,1
660,diggersby,Normal,Ground,1,1,2,0,2,2,2,0.5,1,1,1,1,0.5,0,1,1,1,1
661,fletchling,Normal,Flying,1,1,1,2,0.5,2,1,1,0,1,1,0.5,2,0,1,1,1,1
662,fletchinder,Fire,Flying,1,0.5,2,2,0.25,1,0.5,1,0,1,1,0.25,4,1,1,1,0.5,0.5
663,talonflame,Fire,Flying,1,0.5,2,2,0.25,1,0.5,1,0,1,1,0.25,4,1,1,1,0.5,0.5
664,scatterbug,Bug,,1,2,1,1,0.5,1,0.5,1,0.5,2,1,1,2,1,1,1,1,1
665,spewpa,Bug,,1,2,1,1,0.5,1,0.5,1,0.5,2,1,1,2,1,1,1,1,1
666,vivillon,Bug,Flying,1,2,1,2,0.25,2,0.25,1,0,2,1,0.5,4,1,1,1,1,1
667,litleo,Fire,Normal,1,0.5,2,1,0.5,0.5,2,1,2,1,1,0.5,2,0,1,1,0.5,0.5
668,pyroar,Fire,Normal,1,0.5,2,1,0.5,0.5,2,1,2,1,1,0.5,2,0,1,1,0.5,0.5
669,flabebe,Fairy,,1,1,1,1,1,1,0.5,2,1,1,1,0.5,1,1,0,0.5,2,1
670,floette,Fairy,,1,1,1,1,1,1,0.5,2,1,1,1,0.5,1,1,0,0.5,2,1
671,florges,Fairy,,1,1,1,1,1,1,0.5,2,1,1,1,0.5,1,1,0,0.5,2,1
672,skiddo,Grass,,1,2,0.5,0.5,0.5,2,1,2,0.5,2,1,2,1,1,1,1,1,1
673,gogoat,Grass,,1,2,0.5,0.5,0.5,2,1,2,0.5,2,1,2,1,1,1,1,1,1
674,pancham,Fighting,,1,1,1,1,1,1,1,1,1,2,2,0.5,0.5,1,1,0.5,1,2
675,pangoro,Fighting,Dark,1,1,1,1,1,1,2,1,1,2,0,1,0.5,0.5,1,0.25,1,4
676,furfrou,Normal,,1,1,1,1,1,1,2,1,1,1,1,1,1,0,1,1,1,1
677,espurr,Psychic,,1,1,1,1,1,1,0.5,1,1,1,0.5,2,1,2,1,2,1,1
678,meowstic-male,Psychic,,1,1,1,1,1,1,0.5,1,1,1,0.5,2,1,2,1,2,1,1
679,honedge,Steel,Ghost,0,2,1,1,0.5,0.5,0,0,2,0.5,0.5,0.25,0.5,2,0.5,2,0.5,0.5
680,doublade,Steel,Ghost,0,2,1,1,0.5,0.5,0,0,2,0.5,0.5,0.25,0.5,2,0.5,2,0.5,0.5
681,aegislash-blade,Steel,Ghost,0,2,1,1,0.5,0.5,0,0,2,0.5,0.5,0.25,0.5,2,0.5,2,0.5,0.5
682,spritzee,Fairy,,1,1,1,1,1,1,0.5,2,1,1,1,0.5,1,1,0,0.5,2,1
683,aromatisse,Fairy,,1,1,1,1,1,1,0.5,2,1,1,1,0.5,1,1,0,0.5,2,1
684,swirlix,Fairy,,1,1,1,1,1,1,0.5,2,1,1,1,0.5,1,1,0,0.5,2,1
685,slurpuff,Fairy,,1,1,1,1,1,1,0.5,2,1,1,1,0.5,1,1,0,0.5,2,1
686,inkay,Dark,Psychic,1,1,1,1,1,1,1,1,1,1,0,4,1,1,1,1,1,2
687,malamar,Dark,Psychic,1,1,1,1,1,1,1,1,1,1,0,4,1,1,1,1,1,2
688,binacle,Rock,Water,0.5,0.25,1,2,4,0.5,2,0.5,2,0.5,1,1,1,1,1,1,1,1
689,barbaracle,Rock,Water,0.5,0.25,1,2,4,0.5,2,0.5,2,0.5,1,1,1,1,1,1,1,1
690,skrelp,Poison,Water,1,0.5,0.5,2,1,0.5,0.5,0.5,2,1,2,0.5,1,1,1,1,0.5,0.5
691,dragalge,Poison,Dragon,1,0.5,0.5,0.5,0.25,2,0.5,0.5,2,1,2,0.5,1,1,2,1,1,1
692,clauncher,Water,,1,0.5,0.5,2,2,0.5,1,1,1,1,1,1,1,1,1,1,0.5,1
693,clawitzer,Water,,1,0.5,0.5,2,2,0.5,1,1,1,1,1,1,1,1,1,1,0.5,1
694,helioptile,Electric,Normal,1,1,1,0.5,1,1,2,1,2,0.5,1,1,1,0,1,1,0.5,1
695,heliolisk,Electric,Normal,1,1,1,0.5,1,1,2,1,2,0.5,1,1,1,0,1,1,0.5,1
696,tyrunt,Rock,Dragon,0.5,0.25,1,0.5,1,2,2,0.5,2,0.5,1,1,1,1,2,1,2,2
697,tyrantrum,Rock,Dragon,0.5,0.25,1,0.5,1,2,2,0.5,2,0.5,1,1,1,1,2,1,2,2
698,amaura,Rock,Ice,0.5,1,2,1,2,0.5,4,0.5,2,0.5,1,1,2,1,1,1,4,1
699,aurorus,Rock,Ice,0.5,1,2,1,2,0.5,4,0.5,2,0.5,1,1,2,1,1,1,4,1
700,sylveon,Fairy,,1,1,1,1,1,1,0.5,2,1,1,1,0.5,1,1,0,0.5,2,1
701,hawlucha,Fighting,Flying,1,1,1,2,0.5,2,0.5,1,0,2,2,0.25,1,1,1,0.5,1,2
702,dedenne,Electric,Fairy,1,1,1,0.5,1,1,0.5,2,2,0.5,1,0.5,1,1,0,0.5,1,1
703,carbink,Rock,Fairy,0.5,0.5,2,1,2,1,1,1,2,0.5,1,0.5,1,1,0,0.5,4,1
704,goomy,Dragon,,1,0.5,0.5,0.5,0.5,2,1,1,1,1,1,1,1,1,2,1,1,2
705,sliggoo,Dragon,,1,0.5,0.5,0.5,0.5,2,1,1,1,1,1,1,1,1,2,1,1,2
706,goodra,Dragon,,1,0.5,0.5,0.5,0.5,2,1,1,1,1,1,1,1,1,2,1,1,2
707,klefki,Steel,Fairy,0.5,2,1,1,0.5,0.5,1,0,2,0.5,0.5,0.25,0.5,1,0,0.5,1,0.5
708,phantump,Ghost,Grass,0,2,0.5,0.5,0.5,2,0,1,0.5,2,1,1,1,2,1,2,1,1
709,trevenant,Ghost,Grass,0,2,0.5,0.5,0.5,2,0,1,0.5,2,1,1,1,2,1,2,1,1
710,pumpkaboo-average,Ghost,Grass,0,2,0.5,0.5,0.5,2,0,1,0.5,2,1,1,1,2,1,2,1,1
711,gourgeist-average,Ghost,Grass,0,2,0.5,0.5,0.5,2,0,1,0.5,2,1,1,1,2,1,2,1,1
712,bergmite,Ice,,1,2,1,1,1,0.5,2,1,1,1,1,1,2,1,1,1,2,1
713,avalugg,Ice,,1,2,1,1,1,0.5,2,1,1,1,1,1,2,1,1,1,2,1
714,noibat,Flying,Dragon,1,0.5,0.5,1,0.25,4,0.5,1,0,1,1,0.5,2,1,2,1,1,2
715,noivern,Flying,Dragon,1,0.5,0.5,1,0.25,4,0.5,1,0,1,1,0.5,2,1,2,1,1,2
716,xerneas,Fairy,,1,1,1,1,1,1,0.5,2,1,1,1,0.5,1,1,0,0.5,2,1
717,yveltal,Dark,Flying,1,1,1,2,0.5,2,1,1,0,1,0,1,2,0.5,1,0.5,1,2
718,zygarde-50,Dragon,Ground,1,0.5,1,0,1,4,1,0.5,1,1,1,1,0.5,1,2,1,1,2
719,diancie,Rock,Fairy,0.5,0.5,2,1,2,1,1,1,2,0.5,1,0.5,1,1,0,0.5,4,1
720,hoopa-confined,Psychic,Ghost,0,1,1,1,1,1,0,0.5,1,1,0.5,1,1,4,1,4,1,1
721,volcanion,Fire,Water,1,0.25,1,2,1,0.25,1,1,2,1,1,0.5,2,1,1,1,0.25,0.5
722,rowlet,Grass,Flying,1,2,0.5,1,0.25,4,0.5,2,0,2,1,1,2,1,1,1,1,1
723,dartrix,Grass,Flying,1,2,0.5,1,0.25,4,0.5,2,0,2,1,1,2,1,1,1,1,1
724,decidueye,Grass,Ghost,0,2,0.5,0.5,0.5,2,0,1,0.5,2,1,1,1,2,1,2,1,1
725,litten,Fire,,1,0.5,2,1,0.5,0.5,1,1,2,1,1,0.5,2,1,1,1,0.5,0.5
726,torracat,Fire,,1,0.5,2,1,0.5,0.5,1,1,2,1,1,0.5,2,1,1,1,0.5,0.5
727,incineroar,Fire,Dark,1,0.5,2,1,0.5,0.5,2,1,2,1,0,1,2,0.5,1,0.5,0.5,1
728,popplio,Water,,1,0.5,0.5,2,2,0.5,1,1,1,1,1,1,1,1,1,1,0.5,1
729,brionne,Water,,1,0.5,0.5,2,2,0.5,1,1,1,1,1,1,1,1,1,1,0.5,1
730,primarina,Water,Fairy,1,0.5,0.5,2,2,0.5,0.5,2,1,1,1,0.5,1,1,0,0.5,1,1
731,pikipek,Normal,Flying,1,1,1,2,0.5,2,1,1,0,1,1,0.5,2,0,1,1,1,1
732,trumbeak,Normal,Flying,1,1,1,2,0.5,2,1,1,0,1,1,0.5,2,0,1,1,1,1
733,toucannon,Normal,Flying,1,1,1,2,0.5,2,1,1,0,1,1,0.5,2,0,1,1,1,1
734,yungoos,Normal,,1,1,1,1,1,1,2,1,1,1,1,1,1,0,1,1,1,1
735,gumshoos,Normal,,1,1,1,1,1,1,2,1,1,1,1,1,1,0,1,1,1,1
736,grubbin,Bug,,1,2,1,1,0.5,1,0.5,1,0.5,2,1,1,2,1,1,1,1,1
737,charjabug,Bug,Electric,1,2,1,0.5,0.5,1,0.5,1,1,1,1,1,2,1,1,1,0.5,1
738,vikavolt,Bug,Electric,1,2,1,0.5,0.5,1,0.5,1,1,1,1,1,2,1,1,1,0.5,1
739,crabrawler,Fighting,,1,1,1,1,1,1,1,1,1,2,2,0.5,0.5,1,1,0.5,1,2
740,crabominable,Fighting,Ice,1,2,1,1,1,0.5,2,1,1,2,2,0.5,1,1,1,0.5,2,2
741,oricorio-baile,Fire,Flying,1,0.5,2,2,0.25,1,0.5,1,0,1,1,0.25,4,1,1,1,0.5,0.5
742,cutiefly,Bug,Fairy,1,2,1,1,0.5,1,0.25,2,0.5,2,1,0.5,2,1,0,0.5,2,1
743,ribombee,Bug,Fairy,1,2,1,1,0.5,1,0.25,2,0.5,2,1,0.5,2,1,0,0.5,2,1
744,rockruff,Rock,,0.5,0.5,2,1,2,1,2,0.5,2,0.5,1,1,1,1,1,1,2,1
745,lycanroc-midday,Rock,,0.5,0.5,2,1,2,1,2,0.5,2,0.5,1,1,1,1,1,1,2,1
746,wishiwashi-solo,Water,,1,0.5,0.5,2,2,0.5,1,1,1,1,1,1,1,1,1,1,0.5,1
747,mareanie,Poison,Water,1,0.5,0.5,2,1,0.5,0.5,0.5,2,1,2,0.5,1,1,1,1,0.5,0.5
748,toxapex,Poison,Water,1,0.5,0.5,2,1,0.5,0.5,0.5,2,1,2,0.5,1,1,1,1,0.5,0.5
749,mudbray,Ground,,1,1,2,0,2,2,1,0.5,1,1,1,1,0.5,1,1,1,1,1
750,mudsdale,Ground,,1,1,2,0,2,2,1,0.5,1,1,1,1,0.5,1,1,1,1,1
751,dewpider,Water,Bug,1,1,0.5,2,1,0.5,0.5,1,0.5,2,1,1,2,1,1,1,0.5,1
752,araquanid,Water,Bug,1,1,0.5,2,1,0.5,0.5,1,0.5,2,1,1,2,1,1,1,0.5,1
753,fomantis,Grass,,1,2,0.5,0.5,0.5,2,1,2,0.5,2,1,2,1,1,1,1,1,1
754,lurantis,Grass,,1,2,0.5,0.5,0.5,2,1,2,0.5,2,1,2,1,1,1,1,1,1
755,morelull,Grass,Fairy,1,2,0.5,0.5,0.5,2,0.5,4,0.5,2,1,1,1,1,0,0.5,2,1
756,shiinotic,Grass,Fairy,1,2,0.5,0.5,0.5,2,0.5,4,0.5,2,1,1,1,1,0,0.5,2,1
757,salandit,Poison,Fire,1,0.5,2,1,0.25,0.5,0.5,0.5,4,1,2,0.25,2,1,1,1,0.5,0.25
758,salazzle,Poison,Fire,1,0.5,2,1,0.25,0.5,0.5,0.5,4,1,2,0.25,2,1,1,1,0.5,0.25
759,stufful,Normal,Fighting,1,1,1,1,1,1,2,1,1,2,2,0.5,0.5,0,1,0.5,1,2
760,bewear,Normal,Fighting,1,1,1,1,1,1,2,1,1,2,2,0.5,0.5,0,1,0.5,1,2
761,bounsweet,Grass,,1,2,0.5,0.5,0.5,2,1,2,0.5,2,1,2,1,1,1,1,1,1
762,steenee,Grass,,1,2,0.5,0.5,0.5,2,1,2,0.5,2,1,2,1,1,1,1,1,1
763,tsareena,Grass,,1,2,0.5,0.5,0.5,2,1,2,0.5,2,1,2,1,1,1,1,1,1
764,comfey,Fairy,,1,1,1,1,1,1,0.5,2,1,1,1,0.5,1,1,0,0.5,2,1
765,oranguru,Normal,Psychic,1,1,1,1,1,1,1,1,1,1,0.5,2,1,0,1,2,1,1
766,passimian,Fighting,,1,1,1,1,1,1,1,1,1,2,2,0.5,0.5,1,1,0.5,1,2
767,wimpod,Bug,Water,1,1,0.5,2,1,0.5,0.5,1,0.5,2,1,1,2,1,1,1,0.5,1
768,golisopod,Bug,Water,1,1,0.5,2,1,0.5,0.5,1,0.5,2,1,1,2,1,1,1,0.5,1
769,sandygast,Ghost,Ground,0,1,2,0,2,2,0,0.25,1,1,1,0.5,0.5,2,1,2,1,1
770,palossand,Ghost,Ground,0,1,2,0,2,2,0,0.25,1,1,1,0.5,0.5,2,1,2,1,1
771,pyukumuku,Water,,1,0.5,0.5,2,2,0.5,1,1,1,1,1,1,1,1,1,1,0.5,1
772,type-null,Normal,,1,1,1,1,1,1,2,1,1,1,1,1,1,0,1,1,1,1
773,silvally,Normal,,1,1,1,1,1,1,2,1,1,1,1,1,1,0,1,1,1,1
774,minior-meteor,Rock,Flying,0.5,0.5,2,2,1,2,1,0.5,0,0.5,1,0.5,2,1,1,1,2,1
775,komala,Normal,,1,1,1,1,1,1,2,1,1,1,1,1,1,0,1,1,1,1
776,turtonator,Fire,Dragon,1,0.25,1,0.5,0.25,1,1,1,2,1,1,0.5,2,1,2,1,0.5,1
777,togedemaru,Electric,Steel,0.5,2,1,0.5,0.5,0.5,2,0,4,0.25,0.5,0.5,0.5,1,0.5,1,0.25,0.5
778,mimikyu,Ghost,Fairy,0,1,1,1,1,1,0,1,1,1,1,0.25,1,2,0,1,2,1
779,bruxish,Water,Psychic,1,0.5,0.5,2,2,0.5,0.5,1,1,1,0.5,2,1,2,1,2,0.5,1
780,drampa,Normal,Dragon,1,0.5,0.5,0.5,0.5,2,2,1,1,1,1,1,1,0,2,1,1,2
781,dhelmise,Ghost,Grass,0,2,0.5,0.5,0.5,2,0,1,0.5,2,1,1,1,2,1,2,1,1
782,jangmo-o,Dragon,,1,0.5,0.5,0.5,0.5,2,1,1,1,1,1,1,1,1,2,1,1,2
783,hakamo-o,Dragon,Fighting,1,0.5,0.5,0.5,0.5,2,1,1,1,2,2,0.5,0.5,1,2,0.5,1,4
784,kommo-o,Dragon,Fighting,1,0.5,0.5,0.5,0.5,2,1,1,1,2,2,0.5,0.5,1,2,0.5,1,4
785,tapu-koko,Electric,Fairy,1,1,1,0.5,1,1,0.5,2,2,0.5,1,0.5,1,1,0,0.5,1,1
786,tapu-lele,Psychic,Fairy,1,1,1,1,1,1,0.25,2,1,1,0.5,1,1,2,0,1,2,1
787,tapu-bulu,Grass,Fairy,1,2,0.5,0.5,0.5,2,0.5,4,0.5,2,1,1,1,1,0,0.5,2,1
788,tapu-fini,Water,Fairy,1,0.5,0.5,2,2,0.5,0.5,2,1,1,1,0.5,1,1,0,0.5,1,1
789,cosmog,Psychic,,1,1,1,1,1,1,0.5,1,1,1,0.5,2,1,2,1,2,1,1
790,cosmoem,Psychic,,1,1,1,1,1,1,0.5,1,1,1,0.5,2,1,2,1,2,1,1
791,solgaleo,Psychic,Steel,0.5,2,1,1,0.5,0.5,1,0,2,0.5,0.25,1,0.5,2,0.5,2,0.5,0.5
792,lunala,Psychic,Ghost,0,1,1,1,1,1,0,0.5,1,1,0.5,1,1,4,1,4,1,1
793,nihilego,Rock,Poison,0.5,0.5,2,1,1,1,1,0.25,4,0.5,2,0.5,1,1,1,1,2,0.5
794,buzzwole,Bug,Fighting,1,2,1,1,0.5,1,0.5,1,0.5,4,2,0.5,1,1,1,0.5,1,2
795,pheromosa,Bug,Fighting,1,2,1,1,0.5,1,0.5,1,0.5,4,2,0.5,1,1,1,0.5,1,2
796,xurkitree,Electric,,1,1,1,0.5,1,1,1,1,2,0.5,1,1,1,1,1,1,0.5,1
797,celesteela,Steel,Flying,0.5,2,1,2,0.25,1,1,0,0,0.5,0.5,0.25,1,1,0.5,1,0.5,0.5
798,kartana,Grass,Steel,0.5,4,0.5,0.5,0.25,1,2,0,1,1,0.5,1,0.5,1,0.5,1,0.5,0.5
799,guzzlord,Dark,Dragon,1,0.5,0.5,0.5,0.5,2,2,1,1,1,0,2,1,0.5,2,0.5,1,4
800,necrozma,Psychic,,1,1,1,1,1,1,0.5,1,1,1,0.5,2,1,2,1,2,1,1
801,magearna,Steel,Fairy,0.5,2,1,1,0.5,0.5,1,0,2,0.5,0.5,0.25,0.5,1,0,0.5,1,0.5
802,marshadow,Fighting,Ghost,0,1,1,1,1,1,0,0.5,1,2,2,0.25,0.5,2,1,1,1,2
803,poipole,Poison,,1,1,1,1,0.5,1,0.5,0.5,2,1,2,0.5,1,1,1,1,1,0.5
804,naganadel,Poison,Dragon,1,0.5,0.5,0.5,0.25,2,0.5,0.5,2,1,2,0.5,1,1,2,1,1,1
805,stakataka,Rock,Steel,0.25,1,2,1,1,0.5,4,0,4,0.25,0.5,0.5,0.5,1,0.5,1,1,0.5
806,blacephalon,Fire,Ghost,0,0.5,2,1,0.5,0.5,0,0.5,2,1,1,0.25,2,2,1,2,0.5,0.5
807,zeraora,Electric,,1,1,1,0.5,1,1,1,1,2,0.5,1,1,1,1,1,1,0.5,1
808,meltan,Steel,,0.5,2,1,1,0.5,0.5,2,0,2,0.5,0.5,0.5,0.5,1,0.5,1,0.5,0.5
809,melmetal,Steel,,0.5,2,1,1,0.5,0.5,2,0,2,0.5,0.5,0.5,0.5,1,0.5,1,0.5,0.5